/* Generated by gguf-tools/qwen4exp_nfc_tables.py (Unicode 15.0.0 via Python
 * unicodedata): canonical decompositions, combining classes and primary
 * composites for NFC.  Do not edit; regenerate. */

#define NFC_DECOMP_MAX 4
typedef struct { uint32_t cp; uint8_t n; uint32_t seq[4]; } nfc_decomp;
typedef struct { uint32_t cp; uint8_t ccc; } nfc_ccc;
typedef struct { uint32_t first, second, composed; } nfc_pair;

static const nfc_decomp nfc_decomps[2061] = {
    {0x000c0, 2, {0x00041, 0x00300}},
    {0x000c1, 2, {0x00041, 0x00301}},
    {0x000c2, 2, {0x00041, 0x00302}},
    {0x000c3, 2, {0x00041, 0x00303}},
    {0x000c4, 2, {0x00041, 0x00308}},
    {0x000c5, 2, {0x00041, 0x0030a}},
    {0x000c7, 2, {0x00043, 0x00327}},
    {0x000c8, 2, {0x00045, 0x00300}},
    {0x000c9, 2, {0x00045, 0x00301}},
    {0x000ca, 2, {0x00045, 0x00302}},
    {0x000cb, 2, {0x00045, 0x00308}},
    {0x000cc, 2, {0x00049, 0x00300}},
    {0x000cd, 2, {0x00049, 0x00301}},
    {0x000ce, 2, {0x00049, 0x00302}},
    {0x000cf, 2, {0x00049, 0x00308}},
    {0x000d1, 2, {0x0004e, 0x00303}},
    {0x000d2, 2, {0x0004f, 0x00300}},
    {0x000d3, 2, {0x0004f, 0x00301}},
    {0x000d4, 2, {0x0004f, 0x00302}},
    {0x000d5, 2, {0x0004f, 0x00303}},
    {0x000d6, 2, {0x0004f, 0x00308}},
    {0x000d9, 2, {0x00055, 0x00300}},
    {0x000da, 2, {0x00055, 0x00301}},
    {0x000db, 2, {0x00055, 0x00302}},
    {0x000dc, 2, {0x00055, 0x00308}},
    {0x000dd, 2, {0x00059, 0x00301}},
    {0x000e0, 2, {0x00061, 0x00300}},
    {0x000e1, 2, {0x00061, 0x00301}},
    {0x000e2, 2, {0x00061, 0x00302}},
    {0x000e3, 2, {0x00061, 0x00303}},
    {0x000e4, 2, {0x00061, 0x00308}},
    {0x000e5, 2, {0x00061, 0x0030a}},
    {0x000e7, 2, {0x00063, 0x00327}},
    {0x000e8, 2, {0x00065, 0x00300}},
    {0x000e9, 2, {0x00065, 0x00301}},
    {0x000ea, 2, {0x00065, 0x00302}},
    {0x000eb, 2, {0x00065, 0x00308}},
    {0x000ec, 2, {0x00069, 0x00300}},
    {0x000ed, 2, {0x00069, 0x00301}},
    {0x000ee, 2, {0x00069, 0x00302}},
    {0x000ef, 2, {0x00069, 0x00308}},
    {0x000f1, 2, {0x0006e, 0x00303}},
    {0x000f2, 2, {0x0006f, 0x00300}},
    {0x000f3, 2, {0x0006f, 0x00301}},
    {0x000f4, 2, {0x0006f, 0x00302}},
    {0x000f5, 2, {0x0006f, 0x00303}},
    {0x000f6, 2, {0x0006f, 0x00308}},
    {0x000f9, 2, {0x00075, 0x00300}},
    {0x000fa, 2, {0x00075, 0x00301}},
    {0x000fb, 2, {0x00075, 0x00302}},
    {0x000fc, 2, {0x00075, 0x00308}},
    {0x000fd, 2, {0x00079, 0x00301}},
    {0x000ff, 2, {0x00079, 0x00308}},
    {0x00100, 2, {0x00041, 0x00304}},
    {0x00101, 2, {0x00061, 0x00304}},
    {0x00102, 2, {0x00041, 0x00306}},
    {0x00103, 2, {0x00061, 0x00306}},
    {0x00104, 2, {0x00041, 0x00328}},
    {0x00105, 2, {0x00061, 0x00328}},
    {0x00106, 2, {0x00043, 0x00301}},
    {0x00107, 2, {0x00063, 0x00301}},
    {0x00108, 2, {0x00043, 0x00302}},
    {0x00109, 2, {0x00063, 0x00302}},
    {0x0010a, 2, {0x00043, 0x00307}},
    {0x0010b, 2, {0x00063, 0x00307}},
    {0x0010c, 2, {0x00043, 0x0030c}},
    {0x0010d, 2, {0x00063, 0x0030c}},
    {0x0010e, 2, {0x00044, 0x0030c}},
    {0x0010f, 2, {0x00064, 0x0030c}},
    {0x00112, 2, {0x00045, 0x00304}},
    {0x00113, 2, {0x00065, 0x00304}},
    {0x00114, 2, {0x00045, 0x00306}},
    {0x00115, 2, {0x00065, 0x00306}},
    {0x00116, 2, {0x00045, 0x00307}},
    {0x00117, 2, {0x00065, 0x00307}},
    {0x00118, 2, {0x00045, 0x00328}},
    {0x00119, 2, {0x00065, 0x00328}},
    {0x0011a, 2, {0x00045, 0x0030c}},
    {0x0011b, 2, {0x00065, 0x0030c}},
    {0x0011c, 2, {0x00047, 0x00302}},
    {0x0011d, 2, {0x00067, 0x00302}},
    {0x0011e, 2, {0x00047, 0x00306}},
    {0x0011f, 2, {0x00067, 0x00306}},
    {0x00120, 2, {0x00047, 0x00307}},
    {0x00121, 2, {0x00067, 0x00307}},
    {0x00122, 2, {0x00047, 0x00327}},
    {0x00123, 2, {0x00067, 0x00327}},
    {0x00124, 2, {0x00048, 0x00302}},
    {0x00125, 2, {0x00068, 0x00302}},
    {0x00128, 2, {0x00049, 0x00303}},
    {0x00129, 2, {0x00069, 0x00303}},
    {0x0012a, 2, {0x00049, 0x00304}},
    {0x0012b, 2, {0x00069, 0x00304}},
    {0x0012c, 2, {0x00049, 0x00306}},
    {0x0012d, 2, {0x00069, 0x00306}},
    {0x0012e, 2, {0x00049, 0x00328}},
    {0x0012f, 2, {0x00069, 0x00328}},
    {0x00130, 2, {0x00049, 0x00307}},
    {0x00134, 2, {0x0004a, 0x00302}},
    {0x00135, 2, {0x0006a, 0x00302}},
    {0x00136, 2, {0x0004b, 0x00327}},
    {0x00137, 2, {0x0006b, 0x00327}},
    {0x00139, 2, {0x0004c, 0x00301}},
    {0x0013a, 2, {0x0006c, 0x00301}},
    {0x0013b, 2, {0x0004c, 0x00327}},
    {0x0013c, 2, {0x0006c, 0x00327}},
    {0x0013d, 2, {0x0004c, 0x0030c}},
    {0x0013e, 2, {0x0006c, 0x0030c}},
    {0x00143, 2, {0x0004e, 0x00301}},
    {0x00144, 2, {0x0006e, 0x00301}},
    {0x00145, 2, {0x0004e, 0x00327}},
    {0x00146, 2, {0x0006e, 0x00327}},
    {0x00147, 2, {0x0004e, 0x0030c}},
    {0x00148, 2, {0x0006e, 0x0030c}},
    {0x0014c, 2, {0x0004f, 0x00304}},
    {0x0014d, 2, {0x0006f, 0x00304}},
    {0x0014e, 2, {0x0004f, 0x00306}},
    {0x0014f, 2, {0x0006f, 0x00306}},
    {0x00150, 2, {0x0004f, 0x0030b}},
    {0x00151, 2, {0x0006f, 0x0030b}},
    {0x00154, 2, {0x00052, 0x00301}},
    {0x00155, 2, {0x00072, 0x00301}},
    {0x00156, 2, {0x00052, 0x00327}},
    {0x00157, 2, {0x00072, 0x00327}},
    {0x00158, 2, {0x00052, 0x0030c}},
    {0x00159, 2, {0x00072, 0x0030c}},
    {0x0015a, 2, {0x00053, 0x00301}},
    {0x0015b, 2, {0x00073, 0x00301}},
    {0x0015c, 2, {0x00053, 0x00302}},
    {0x0015d, 2, {0x00073, 0x00302}},
    {0x0015e, 2, {0x00053, 0x00327}},
    {0x0015f, 2, {0x00073, 0x00327}},
    {0x00160, 2, {0x00053, 0x0030c}},
    {0x00161, 2, {0x00073, 0x0030c}},
    {0x00162, 2, {0x00054, 0x00327}},
    {0x00163, 2, {0x00074, 0x00327}},
    {0x00164, 2, {0x00054, 0x0030c}},
    {0x00165, 2, {0x00074, 0x0030c}},
    {0x00168, 2, {0x00055, 0x00303}},
    {0x00169, 2, {0x00075, 0x00303}},
    {0x0016a, 2, {0x00055, 0x00304}},
    {0x0016b, 2, {0x00075, 0x00304}},
    {0x0016c, 2, {0x00055, 0x00306}},
    {0x0016d, 2, {0x00075, 0x00306}},
    {0x0016e, 2, {0x00055, 0x0030a}},
    {0x0016f, 2, {0x00075, 0x0030a}},
    {0x00170, 2, {0x00055, 0x0030b}},
    {0x00171, 2, {0x00075, 0x0030b}},
    {0x00172, 2, {0x00055, 0x00328}},
    {0x00173, 2, {0x00075, 0x00328}},
    {0x00174, 2, {0x00057, 0x00302}},
    {0x00175, 2, {0x00077, 0x00302}},
    {0x00176, 2, {0x00059, 0x00302}},
    {0x00177, 2, {0x00079, 0x00302}},
    {0x00178, 2, {0x00059, 0x00308}},
    {0x00179, 2, {0x0005a, 0x00301}},
    {0x0017a, 2, {0x0007a, 0x00301}},
    {0x0017b, 2, {0x0005a, 0x00307}},
    {0x0017c, 2, {0x0007a, 0x00307}},
    {0x0017d, 2, {0x0005a, 0x0030c}},
    {0x0017e, 2, {0x0007a, 0x0030c}},
    {0x001a0, 2, {0x0004f, 0x0031b}},
    {0x001a1, 2, {0x0006f, 0x0031b}},
    {0x001af, 2, {0x00055, 0x0031b}},
    {0x001b0, 2, {0x00075, 0x0031b}},
    {0x001cd, 2, {0x00041, 0x0030c}},
    {0x001ce, 2, {0x00061, 0x0030c}},
    {0x001cf, 2, {0x00049, 0x0030c}},
    {0x001d0, 2, {0x00069, 0x0030c}},
    {0x001d1, 2, {0x0004f, 0x0030c}},
    {0x001d2, 2, {0x0006f, 0x0030c}},
    {0x001d3, 2, {0x00055, 0x0030c}},
    {0x001d4, 2, {0x00075, 0x0030c}},
    {0x001d5, 3, {0x00055, 0x00308, 0x00304}},
    {0x001d6, 3, {0x00075, 0x00308, 0x00304}},
    {0x001d7, 3, {0x00055, 0x00308, 0x00301}},
    {0x001d8, 3, {0x00075, 0x00308, 0x00301}},
    {0x001d9, 3, {0x00055, 0x00308, 0x0030c}},
    {0x001da, 3, {0x00075, 0x00308, 0x0030c}},
    {0x001db, 3, {0x00055, 0x00308, 0x00300}},
    {0x001dc, 3, {0x00075, 0x00308, 0x00300}},
    {0x001de, 3, {0x00041, 0x00308, 0x00304}},
    {0x001df, 3, {0x00061, 0x00308, 0x00304}},
    {0x001e0, 3, {0x00041, 0x00307, 0x00304}},
    {0x001e1, 3, {0x00061, 0x00307, 0x00304}},
    {0x001e2, 2, {0x000c6, 0x00304}},
    {0x001e3, 2, {0x000e6, 0x00304}},
    {0x001e6, 2, {0x00047, 0x0030c}},
    {0x001e7, 2, {0x00067, 0x0030c}},
    {0x001e8, 2, {0x0004b, 0x0030c}},
    {0x001e9, 2, {0x0006b, 0x0030c}},
    {0x001ea, 2, {0x0004f, 0x00328}},
    {0x001eb, 2, {0x0006f, 0x00328}},
    {0x001ec, 3, {0x0004f, 0x00328, 0x00304}},
    {0x001ed, 3, {0x0006f, 0x00328, 0x00304}},
    {0x001ee, 2, {0x001b7, 0x0030c}},
    {0x001ef, 2, {0x00292, 0x0030c}},
    {0x001f0, 2, {0x0006a, 0x0030c}},
    {0x001f4, 2, {0x00047, 0x00301}},
    {0x001f5, 2, {0x00067, 0x00301}},
    {0x001f8, 2, {0x0004e, 0x00300}},
    {0x001f9, 2, {0x0006e, 0x00300}},
    {0x001fa, 3, {0x00041, 0x0030a, 0x00301}},
    {0x001fb, 3, {0x00061, 0x0030a, 0x00301}},
    {0x001fc, 2, {0x000c6, 0x00301}},
    {0x001fd, 2, {0x000e6, 0x00301}},
    {0x001fe, 2, {0x000d8, 0x00301}},
    {0x001ff, 2, {0x000f8, 0x00301}},
    {0x00200, 2, {0x00041, 0x0030f}},
    {0x00201, 2, {0x00061, 0x0030f}},
    {0x00202, 2, {0x00041, 0x00311}},
    {0x00203, 2, {0x00061, 0x00311}},
    {0x00204, 2, {0x00045, 0x0030f}},
    {0x00205, 2, {0x00065, 0x0030f}},
    {0x00206, 2, {0x00045, 0x00311}},
    {0x00207, 2, {0x00065, 0x00311}},
    {0x00208, 2, {0x00049, 0x0030f}},
    {0x00209, 2, {0x00069, 0x0030f}},
    {0x0020a, 2, {0x00049, 0x00311}},
    {0x0020b, 2, {0x00069, 0x00311}},
    {0x0020c, 2, {0x0004f, 0x0030f}},
    {0x0020d, 2, {0x0006f, 0x0030f}},
    {0x0020e, 2, {0x0004f, 0x00311}},
    {0x0020f, 2, {0x0006f, 0x00311}},
    {0x00210, 2, {0x00052, 0x0030f}},
    {0x00211, 2, {0x00072, 0x0030f}},
    {0x00212, 2, {0x00052, 0x00311}},
    {0x00213, 2, {0x00072, 0x00311}},
    {0x00214, 2, {0x00055, 0x0030f}},
    {0x00215, 2, {0x00075, 0x0030f}},
    {0x00216, 2, {0x00055, 0x00311}},
    {0x00217, 2, {0x00075, 0x00311}},
    {0x00218, 2, {0x00053, 0x00326}},
    {0x00219, 2, {0x00073, 0x00326}},
    {0x0021a, 2, {0x00054, 0x00326}},
    {0x0021b, 2, {0x00074, 0x00326}},
    {0x0021e, 2, {0x00048, 0x0030c}},
    {0x0021f, 2, {0x00068, 0x0030c}},
    {0x00226, 2, {0x00041, 0x00307}},
    {0x00227, 2, {0x00061, 0x00307}},
    {0x00228, 2, {0x00045, 0x00327}},
    {0x00229, 2, {0x00065, 0x00327}},
    {0x0022a, 3, {0x0004f, 0x00308, 0x00304}},
    {0x0022b, 3, {0x0006f, 0x00308, 0x00304}},
    {0x0022c, 3, {0x0004f, 0x00303, 0x00304}},
    {0x0022d, 3, {0x0006f, 0x00303, 0x00304}},
    {0x0022e, 2, {0x0004f, 0x00307}},
    {0x0022f, 2, {0x0006f, 0x00307}},
    {0x00230, 3, {0x0004f, 0x00307, 0x00304}},
    {0x00231, 3, {0x0006f, 0x00307, 0x00304}},
    {0x00232, 2, {0x00059, 0x00304}},
    {0x00233, 2, {0x00079, 0x00304}},
    {0x00340, 1, {0x00300}},
    {0x00341, 1, {0x00301}},
    {0x00343, 1, {0x00313}},
    {0x00344, 2, {0x00308, 0x00301}},
    {0x00374, 1, {0x002b9}},
    {0x0037e, 1, {0x0003b}},
    {0x00385, 2, {0x000a8, 0x00301}},
    {0x00386, 2, {0x00391, 0x00301}},
    {0x00387, 1, {0x000b7}},
    {0x00388, 2, {0x00395, 0x00301}},
    {0x00389, 2, {0x00397, 0x00301}},
    {0x0038a, 2, {0x00399, 0x00301}},
    {0x0038c, 2, {0x0039f, 0x00301}},
    {0x0038e, 2, {0x003a5, 0x00301}},
    {0x0038f, 2, {0x003a9, 0x00301}},
    {0x00390, 3, {0x003b9, 0x00308, 0x00301}},
    {0x003aa, 2, {0x00399, 0x00308}},
    {0x003ab, 2, {0x003a5, 0x00308}},
    {0x003ac, 2, {0x003b1, 0x00301}},
    {0x003ad, 2, {0x003b5, 0x00301}},
    {0x003ae, 2, {0x003b7, 0x00301}},
    {0x003af, 2, {0x003b9, 0x00301}},
    {0x003b0, 3, {0x003c5, 0x00308, 0x00301}},
    {0x003ca, 2, {0x003b9, 0x00308}},
    {0x003cb, 2, {0x003c5, 0x00308}},
    {0x003cc, 2, {0x003bf, 0x00301}},
    {0x003cd, 2, {0x003c5, 0x00301}},
    {0x003ce, 2, {0x003c9, 0x00301}},
    {0x003d3, 2, {0x003d2, 0x00301}},
    {0x003d4, 2, {0x003d2, 0x00308}},
    {0x00400, 2, {0x00415, 0x00300}},
    {0x00401, 2, {0x00415, 0x00308}},
    {0x00403, 2, {0x00413, 0x00301}},
    {0x00407, 2, {0x00406, 0x00308}},
    {0x0040c, 2, {0x0041a, 0x00301}},
    {0x0040d, 2, {0x00418, 0x00300}},
    {0x0040e, 2, {0x00423, 0x00306}},
    {0x00419, 2, {0x00418, 0x00306}},
    {0x00439, 2, {0x00438, 0x00306}},
    {0x00450, 2, {0x00435, 0x00300}},
    {0x00451, 2, {0x00435, 0x00308}},
    {0x00453, 2, {0x00433, 0x00301}},
    {0x00457, 2, {0x00456, 0x00308}},
    {0x0045c, 2, {0x0043a, 0x00301}},
    {0x0045d, 2, {0x00438, 0x00300}},
    {0x0045e, 2, {0x00443, 0x00306}},
    {0x00476, 2, {0x00474, 0x0030f}},
    {0x00477, 2, {0x00475, 0x0030f}},
    {0x004c1, 2, {0x00416, 0x00306}},
    {0x004c2, 2, {0x00436, 0x00306}},
    {0x004d0, 2, {0x00410, 0x00306}},
    {0x004d1, 2, {0x00430, 0x00306}},
    {0x004d2, 2, {0x00410, 0x00308}},
    {0x004d3, 2, {0x00430, 0x00308}},
    {0x004d6, 2, {0x00415, 0x00306}},
    {0x004d7, 2, {0x00435, 0x00306}},
    {0x004da, 2, {0x004d8, 0x00308}},
    {0x004db, 2, {0x004d9, 0x00308}},
    {0x004dc, 2, {0x00416, 0x00308}},
    {0x004dd, 2, {0x00436, 0x00308}},
    {0x004de, 2, {0x00417, 0x00308}},
    {0x004df, 2, {0x00437, 0x00308}},
    {0x004e2, 2, {0x00418, 0x00304}},
    {0x004e3, 2, {0x00438, 0x00304}},
    {0x004e4, 2, {0x00418, 0x00308}},
    {0x004e5, 2, {0x00438, 0x00308}},
    {0x004e6, 2, {0x0041e, 0x00308}},
    {0x004e7, 2, {0x0043e, 0x00308}},
    {0x004ea, 2, {0x004e8, 0x00308}},
    {0x004eb, 2, {0x004e9, 0x00308}},
    {0x004ec, 2, {0x0042d, 0x00308}},
    {0x004ed, 2, {0x0044d, 0x00308}},
    {0x004ee, 2, {0x00423, 0x00304}},
    {0x004ef, 2, {0x00443, 0x00304}},
    {0x004f0, 2, {0x00423, 0x00308}},
    {0x004f1, 2, {0x00443, 0x00308}},
    {0x004f2, 2, {0x00423, 0x0030b}},
    {0x004f3, 2, {0x00443, 0x0030b}},
    {0x004f4, 2, {0x00427, 0x00308}},
    {0x004f5, 2, {0x00447, 0x00308}},
    {0x004f8, 2, {0x0042b, 0x00308}},
    {0x004f9, 2, {0x0044b, 0x00308}},
    {0x00622, 2, {0x00627, 0x00653}},
    {0x00623, 2, {0x00627, 0x00654}},
    {0x00624, 2, {0x00648, 0x00654}},
    {0x00625, 2, {0x00627, 0x00655}},
    {0x00626, 2, {0x0064a, 0x00654}},
    {0x006c0, 2, {0x006d5, 0x00654}},
    {0x006c2, 2, {0x006c1, 0x00654}},
    {0x006d3, 2, {0x006d2, 0x00654}},
    {0x00929, 2, {0x00928, 0x0093c}},
    {0x00931, 2, {0x00930, 0x0093c}},
    {0x00934, 2, {0x00933, 0x0093c}},
    {0x00958, 2, {0x00915, 0x0093c}},
    {0x00959, 2, {0x00916, 0x0093c}},
    {0x0095a, 2, {0x00917, 0x0093c}},
    {0x0095b, 2, {0x0091c, 0x0093c}},
    {0x0095c, 2, {0x00921, 0x0093c}},
    {0x0095d, 2, {0x00922, 0x0093c}},
    {0x0095e, 2, {0x0092b, 0x0093c}},
    {0x0095f, 2, {0x0092f, 0x0093c}},
    {0x009cb, 2, {0x009c7, 0x009be}},
    {0x009cc, 2, {0x009c7, 0x009d7}},
    {0x009dc, 2, {0x009a1, 0x009bc}},
    {0x009dd, 2, {0x009a2, 0x009bc}},
    {0x009df, 2, {0x009af, 0x009bc}},
    {0x00a33, 2, {0x00a32, 0x00a3c}},
    {0x00a36, 2, {0x00a38, 0x00a3c}},
    {0x00a59, 2, {0x00a16, 0x00a3c}},
    {0x00a5a, 2, {0x00a17, 0x00a3c}},
    {0x00a5b, 2, {0x00a1c, 0x00a3c}},
    {0x00a5e, 2, {0x00a2b, 0x00a3c}},
    {0x00b48, 2, {0x00b47, 0x00b56}},
    {0x00b4b, 2, {0x00b47, 0x00b3e}},
    {0x00b4c, 2, {0x00b47, 0x00b57}},
    {0x00b5c, 2, {0x00b21, 0x00b3c}},
    {0x00b5d, 2, {0x00b22, 0x00b3c}},
    {0x00b94, 2, {0x00b92, 0x00bd7}},
    {0x00bca, 2, {0x00bc6, 0x00bbe}},
    {0x00bcb, 2, {0x00bc7, 0x00bbe}},
    {0x00bcc, 2, {0x00bc6, 0x00bd7}},
    {0x00c48, 2, {0x00c46, 0x00c56}},
    {0x00cc0, 2, {0x00cbf, 0x00cd5}},
    {0x00cc7, 2, {0x00cc6, 0x00cd5}},
    {0x00cc8, 2, {0x00cc6, 0x00cd6}},
    {0x00cca, 2, {0x00cc6, 0x00cc2}},
    {0x00ccb, 3, {0x00cc6, 0x00cc2, 0x00cd5}},
    {0x00d4a, 2, {0x00d46, 0x00d3e}},
    {0x00d4b, 2, {0x00d47, 0x00d3e}},
    {0x00d4c, 2, {0x00d46, 0x00d57}},
    {0x00dda, 2, {0x00dd9, 0x00dca}},
    {0x00ddc, 2, {0x00dd9, 0x00dcf}},
    {0x00ddd, 3, {0x00dd9, 0x00dcf, 0x00dca}},
    {0x00dde, 2, {0x00dd9, 0x00ddf}},
    {0x00f43, 2, {0x00f42, 0x00fb7}},
    {0x00f4d, 2, {0x00f4c, 0x00fb7}},
    {0x00f52, 2, {0x00f51, 0x00fb7}},
    {0x00f57, 2, {0x00f56, 0x00fb7}},
    {0x00f5c, 2, {0x00f5b, 0x00fb7}},
    {0x00f69, 2, {0x00f40, 0x00fb5}},
    {0x00f73, 2, {0x00f71, 0x00f72}},
    {0x00f75, 2, {0x00f71, 0x00f74}},
    {0x00f76, 2, {0x00fb2, 0x00f80}},
    {0x00f78, 2, {0x00fb3, 0x00f80}},
    {0x00f81, 2, {0x00f71, 0x00f80}},
    {0x00f93, 2, {0x00f92, 0x00fb7}},
    {0x00f9d, 2, {0x00f9c, 0x00fb7}},
    {0x00fa2, 2, {0x00fa1, 0x00fb7}},
    {0x00fa7, 2, {0x00fa6, 0x00fb7}},
    {0x00fac, 2, {0x00fab, 0x00fb7}},
    {0x00fb9, 2, {0x00f90, 0x00fb5}},
    {0x01026, 2, {0x01025, 0x0102e}},
    {0x01b06, 2, {0x01b05, 0x01b35}},
    {0x01b08, 2, {0x01b07, 0x01b35}},
    {0x01b0a, 2, {0x01b09, 0x01b35}},
    {0x01b0c, 2, {0x01b0b, 0x01b35}},
    {0x01b0e, 2, {0x01b0d, 0x01b35}},
    {0x01b12, 2, {0x01b11, 0x01b35}},
    {0x01b3b, 2, {0x01b3a, 0x01b35}},
    {0x01b3d, 2, {0x01b3c, 0x01b35}},
    {0x01b40, 2, {0x01b3e, 0x01b35}},
    {0x01b41, 2, {0x01b3f, 0x01b35}},
    {0x01b43, 2, {0x01b42, 0x01b35}},
    {0x01e00, 2, {0x00041, 0x00325}},
    {0x01e01, 2, {0x00061, 0x00325}},
    {0x01e02, 2, {0x00042, 0x00307}},
    {0x01e03, 2, {0x00062, 0x00307}},
    {0x01e04, 2, {0x00042, 0x00323}},
    {0x01e05, 2, {0x00062, 0x00323}},
    {0x01e06, 2, {0x00042, 0x00331}},
    {0x01e07, 2, {0x00062, 0x00331}},
    {0x01e08, 3, {0x00043, 0x00327, 0x00301}},
    {0x01e09, 3, {0x00063, 0x00327, 0x00301}},
    {0x01e0a, 2, {0x00044, 0x00307}},
    {0x01e0b, 2, {0x00064, 0x00307}},
    {0x01e0c, 2, {0x00044, 0x00323}},
    {0x01e0d, 2, {0x00064, 0x00323}},
    {0x01e0e, 2, {0x00044, 0x00331}},
    {0x01e0f, 2, {0x00064, 0x00331}},
    {0x01e10, 2, {0x00044, 0x00327}},
    {0x01e11, 2, {0x00064, 0x00327}},
    {0x01e12, 2, {0x00044, 0x0032d}},
    {0x01e13, 2, {0x00064, 0x0032d}},
    {0x01e14, 3, {0x00045, 0x00304, 0x00300}},
    {0x01e15, 3, {0x00065, 0x00304, 0x00300}},
    {0x01e16, 3, {0x00045, 0x00304, 0x00301}},
    {0x01e17, 3, {0x00065, 0x00304, 0x00301}},
    {0x01e18, 2, {0x00045, 0x0032d}},
    {0x01e19, 2, {0x00065, 0x0032d}},
    {0x01e1a, 2, {0x00045, 0x00330}},
    {0x01e1b, 2, {0x00065, 0x00330}},
    {0x01e1c, 3, {0x00045, 0x00327, 0x00306}},
    {0x01e1d, 3, {0x00065, 0x00327, 0x00306}},
    {0x01e1e, 2, {0x00046, 0x00307}},
    {0x01e1f, 2, {0x00066, 0x00307}},
    {0x01e20, 2, {0x00047, 0x00304}},
    {0x01e21, 2, {0x00067, 0x00304}},
    {0x01e22, 2, {0x00048, 0x00307}},
    {0x01e23, 2, {0x00068, 0x00307}},
    {0x01e24, 2, {0x00048, 0x00323}},
    {0x01e25, 2, {0x00068, 0x00323}},
    {0x01e26, 2, {0x00048, 0x00308}},
    {0x01e27, 2, {0x00068, 0x00308}},
    {0x01e28, 2, {0x00048, 0x00327}},
    {0x01e29, 2, {0x00068, 0x00327}},
    {0x01e2a, 2, {0x00048, 0x0032e}},
    {0x01e2b, 2, {0x00068, 0x0032e}},
    {0x01e2c, 2, {0x00049, 0x00330}},
    {0x01e2d, 2, {0x00069, 0x00330}},
    {0x01e2e, 3, {0x00049, 0x00308, 0x00301}},
    {0x01e2f, 3, {0x00069, 0x00308, 0x00301}},
    {0x01e30, 2, {0x0004b, 0x00301}},
    {0x01e31, 2, {0x0006b, 0x00301}},
    {0x01e32, 2, {0x0004b, 0x00323}},
    {0x01e33, 2, {0x0006b, 0x00323}},
    {0x01e34, 2, {0x0004b, 0x00331}},
    {0x01e35, 2, {0x0006b, 0x00331}},
    {0x01e36, 2, {0x0004c, 0x00323}},
    {0x01e37, 2, {0x0006c, 0x00323}},
    {0x01e38, 3, {0x0004c, 0x00323, 0x00304}},
    {0x01e39, 3, {0x0006c, 0x00323, 0x00304}},
    {0x01e3a, 2, {0x0004c, 0x00331}},
    {0x01e3b, 2, {0x0006c, 0x00331}},
    {0x01e3c, 2, {0x0004c, 0x0032d}},
    {0x01e3d, 2, {0x0006c, 0x0032d}},
    {0x01e3e, 2, {0x0004d, 0x00301}},
    {0x01e3f, 2, {0x0006d, 0x00301}},
    {0x01e40, 2, {0x0004d, 0x00307}},
    {0x01e41, 2, {0x0006d, 0x00307}},
    {0x01e42, 2, {0x0004d, 0x00323}},
    {0x01e43, 2, {0x0006d, 0x00323}},
    {0x01e44, 2, {0x0004e, 0x00307}},
    {0x01e45, 2, {0x0006e, 0x00307}},
    {0x01e46, 2, {0x0004e, 0x00323}},
    {0x01e47, 2, {0x0006e, 0x00323}},
    {0x01e48, 2, {0x0004e, 0x00331}},
    {0x01e49, 2, {0x0006e, 0x00331}},
    {0x01e4a, 2, {0x0004e, 0x0032d}},
    {0x01e4b, 2, {0x0006e, 0x0032d}},
    {0x01e4c, 3, {0x0004f, 0x00303, 0x00301}},
    {0x01e4d, 3, {0x0006f, 0x00303, 0x00301}},
    {0x01e4e, 3, {0x0004f, 0x00303, 0x00308}},
    {0x01e4f, 3, {0x0006f, 0x00303, 0x00308}},
    {0x01e50, 3, {0x0004f, 0x00304, 0x00300}},
    {0x01e51, 3, {0x0006f, 0x00304, 0x00300}},
    {0x01e52, 3, {0x0004f, 0x00304, 0x00301}},
    {0x01e53, 3, {0x0006f, 0x00304, 0x00301}},
    {0x01e54, 2, {0x00050, 0x00301}},
    {0x01e55, 2, {0x00070, 0x00301}},
    {0x01e56, 2, {0x00050, 0x00307}},
    {0x01e57, 2, {0x00070, 0x00307}},
    {0x01e58, 2, {0x00052, 0x00307}},
    {0x01e59, 2, {0x00072, 0x00307}},
    {0x01e5a, 2, {0x00052, 0x00323}},
    {0x01e5b, 2, {0x00072, 0x00323}},
    {0x01e5c, 3, {0x00052, 0x00323, 0x00304}},
    {0x01e5d, 3, {0x00072, 0x00323, 0x00304}},
    {0x01e5e, 2, {0x00052, 0x00331}},
    {0x01e5f, 2, {0x00072, 0x00331}},
    {0x01e60, 2, {0x00053, 0x00307}},
    {0x01e61, 2, {0x00073, 0x00307}},
    {0x01e62, 2, {0x00053, 0x00323}},
    {0x01e63, 2, {0x00073, 0x00323}},
    {0x01e64, 3, {0x00053, 0x00301, 0x00307}},
    {0x01e65, 3, {0x00073, 0x00301, 0x00307}},
    {0x01e66, 3, {0x00053, 0x0030c, 0x00307}},
    {0x01e67, 3, {0x00073, 0x0030c, 0x00307}},
    {0x01e68, 3, {0x00053, 0x00323, 0x00307}},
    {0x01e69, 3, {0x00073, 0x00323, 0x00307}},
    {0x01e6a, 2, {0x00054, 0x00307}},
    {0x01e6b, 2, {0x00074, 0x00307}},
    {0x01e6c, 2, {0x00054, 0x00323}},
    {0x01e6d, 2, {0x00074, 0x00323}},
    {0x01e6e, 2, {0x00054, 0x00331}},
    {0x01e6f, 2, {0x00074, 0x00331}},
    {0x01e70, 2, {0x00054, 0x0032d}},
    {0x01e71, 2, {0x00074, 0x0032d}},
    {0x01e72, 2, {0x00055, 0x00324}},
    {0x01e73, 2, {0x00075, 0x00324}},
    {0x01e74, 2, {0x00055, 0x00330}},
    {0x01e75, 2, {0x00075, 0x00330}},
    {0x01e76, 2, {0x00055, 0x0032d}},
    {0x01e77, 2, {0x00075, 0x0032d}},
    {0x01e78, 3, {0x00055, 0x00303, 0x00301}},
    {0x01e79, 3, {0x00075, 0x00303, 0x00301}},
    {0x01e7a, 3, {0x00055, 0x00304, 0x00308}},
    {0x01e7b, 3, {0x00075, 0x00304, 0x00308}},
    {0x01e7c, 2, {0x00056, 0x00303}},
    {0x01e7d, 2, {0x00076, 0x00303}},
    {0x01e7e, 2, {0x00056, 0x00323}},
    {0x01e7f, 2, {0x00076, 0x00323}},
    {0x01e80, 2, {0x00057, 0x00300}},
    {0x01e81, 2, {0x00077, 0x00300}},
    {0x01e82, 2, {0x00057, 0x00301}},
    {0x01e83, 2, {0x00077, 0x00301}},
    {0x01e84, 2, {0x00057, 0x00308}},
    {0x01e85, 2, {0x00077, 0x00308}},
    {0x01e86, 2, {0x00057, 0x00307}},
    {0x01e87, 2, {0x00077, 0x00307}},
    {0x01e88, 2, {0x00057, 0x00323}},
    {0x01e89, 2, {0x00077, 0x00323}},
    {0x01e8a, 2, {0x00058, 0x00307}},
    {0x01e8b, 2, {0x00078, 0x00307}},
    {0x01e8c, 2, {0x00058, 0x00308}},
    {0x01e8d, 2, {0x00078, 0x00308}},
    {0x01e8e, 2, {0x00059, 0x00307}},
    {0x01e8f, 2, {0x00079, 0x00307}},
    {0x01e90, 2, {0x0005a, 0x00302}},
    {0x01e91, 2, {0x0007a, 0x00302}},
    {0x01e92, 2, {0x0005a, 0x00323}},
    {0x01e93, 2, {0x0007a, 0x00323}},
    {0x01e94, 2, {0x0005a, 0x00331}},
    {0x01e95, 2, {0x0007a, 0x00331}},
    {0x01e96, 2, {0x00068, 0x00331}},
    {0x01e97, 2, {0x00074, 0x00308}},
    {0x01e98, 2, {0x00077, 0x0030a}},
    {0x01e99, 2, {0x00079, 0x0030a}},
    {0x01e9b, 2, {0x0017f, 0x00307}},
    {0x01ea0, 2, {0x00041, 0x00323}},
    {0x01ea1, 2, {0x00061, 0x00323}},
    {0x01ea2, 2, {0x00041, 0x00309}},
    {0x01ea3, 2, {0x00061, 0x00309}},
    {0x01ea4, 3, {0x00041, 0x00302, 0x00301}},
    {0x01ea5, 3, {0x00061, 0x00302, 0x00301}},
    {0x01ea6, 3, {0x00041, 0x00302, 0x00300}},
    {0x01ea7, 3, {0x00061, 0x00302, 0x00300}},
    {0x01ea8, 3, {0x00041, 0x00302, 0x00309}},
    {0x01ea9, 3, {0x00061, 0x00302, 0x00309}},
    {0x01eaa, 3, {0x00041, 0x00302, 0x00303}},
    {0x01eab, 3, {0x00061, 0x00302, 0x00303}},
    {0x01eac, 3, {0x00041, 0x00323, 0x00302}},
    {0x01ead, 3, {0x00061, 0x00323, 0x00302}},
    {0x01eae, 3, {0x00041, 0x00306, 0x00301}},
    {0x01eaf, 3, {0x00061, 0x00306, 0x00301}},
    {0x01eb0, 3, {0x00041, 0x00306, 0x00300}},
    {0x01eb1, 3, {0x00061, 0x00306, 0x00300}},
    {0x01eb2, 3, {0x00041, 0x00306, 0x00309}},
    {0x01eb3, 3, {0x00061, 0x00306, 0x00309}},
    {0x01eb4, 3, {0x00041, 0x00306, 0x00303}},
    {0x01eb5, 3, {0x00061, 0x00306, 0x00303}},
    {0x01eb6, 3, {0x00041, 0x00323, 0x00306}},
    {0x01eb7, 3, {0x00061, 0x00323, 0x00306}},
    {0x01eb8, 2, {0x00045, 0x00323}},
    {0x01eb9, 2, {0x00065, 0x00323}},
    {0x01eba, 2, {0x00045, 0x00309}},
    {0x01ebb, 2, {0x00065, 0x00309}},
    {0x01ebc, 2, {0x00045, 0x00303}},
    {0x01ebd, 2, {0x00065, 0x00303}},
    {0x01ebe, 3, {0x00045, 0x00302, 0x00301}},
    {0x01ebf, 3, {0x00065, 0x00302, 0x00301}},
    {0x01ec0, 3, {0x00045, 0x00302, 0x00300}},
    {0x01ec1, 3, {0x00065, 0x00302, 0x00300}},
    {0x01ec2, 3, {0x00045, 0x00302, 0x00309}},
    {0x01ec3, 3, {0x00065, 0x00302, 0x00309}},
    {0x01ec4, 3, {0x00045, 0x00302, 0x00303}},
    {0x01ec5, 3, {0x00065, 0x00302, 0x00303}},
    {0x01ec6, 3, {0x00045, 0x00323, 0x00302}},
    {0x01ec7, 3, {0x00065, 0x00323, 0x00302}},
    {0x01ec8, 2, {0x00049, 0x00309}},
    {0x01ec9, 2, {0x00069, 0x00309}},
    {0x01eca, 2, {0x00049, 0x00323}},
    {0x01ecb, 2, {0x00069, 0x00323}},
    {0x01ecc, 2, {0x0004f, 0x00323}},
    {0x01ecd, 2, {0x0006f, 0x00323}},
    {0x01ece, 2, {0x0004f, 0x00309}},
    {0x01ecf, 2, {0x0006f, 0x00309}},
    {0x01ed0, 3, {0x0004f, 0x00302, 0x00301}},
    {0x01ed1, 3, {0x0006f, 0x00302, 0x00301}},
    {0x01ed2, 3, {0x0004f, 0x00302, 0x00300}},
    {0x01ed3, 3, {0x0006f, 0x00302, 0x00300}},
    {0x01ed4, 3, {0x0004f, 0x00302, 0x00309}},
    {0x01ed5, 3, {0x0006f, 0x00302, 0x00309}},
    {0x01ed6, 3, {0x0004f, 0x00302, 0x00303}},
    {0x01ed7, 3, {0x0006f, 0x00302, 0x00303}},
    {0x01ed8, 3, {0x0004f, 0x00323, 0x00302}},
    {0x01ed9, 3, {0x0006f, 0x00323, 0x00302}},
    {0x01eda, 3, {0x0004f, 0x0031b, 0x00301}},
    {0x01edb, 3, {0x0006f, 0x0031b, 0x00301}},
    {0x01edc, 3, {0x0004f, 0x0031b, 0x00300}},
    {0x01edd, 3, {0x0006f, 0x0031b, 0x00300}},
    {0x01ede, 3, {0x0004f, 0x0031b, 0x00309}},
    {0x01edf, 3, {0x0006f, 0x0031b, 0x00309}},
    {0x01ee0, 3, {0x0004f, 0x0031b, 0x00303}},
    {0x01ee1, 3, {0x0006f, 0x0031b, 0x00303}},
    {0x01ee2, 3, {0x0004f, 0x0031b, 0x00323}},
    {0x01ee3, 3, {0x0006f, 0x0031b, 0x00323}},
    {0x01ee4, 2, {0x00055, 0x00323}},
    {0x01ee5, 2, {0x00075, 0x00323}},
    {0x01ee6, 2, {0x00055, 0x00309}},
    {0x01ee7, 2, {0x00075, 0x00309}},
    {0x01ee8, 3, {0x00055, 0x0031b, 0x00301}},
    {0x01ee9, 3, {0x00075, 0x0031b, 0x00301}},
    {0x01eea, 3, {0x00055, 0x0031b, 0x00300}},
    {0x01eeb, 3, {0x00075, 0x0031b, 0x00300}},
    {0x01eec, 3, {0x00055, 0x0031b, 0x00309}},
    {0x01eed, 3, {0x00075, 0x0031b, 0x00309}},
    {0x01eee, 3, {0x00055, 0x0031b, 0x00303}},
    {0x01eef, 3, {0x00075, 0x0031b, 0x00303}},
    {0x01ef0, 3, {0x00055, 0x0031b, 0x00323}},
    {0x01ef1, 3, {0x00075, 0x0031b, 0x00323}},
    {0x01ef2, 2, {0x00059, 0x00300}},
    {0x01ef3, 2, {0x00079, 0x00300}},
    {0x01ef4, 2, {0x00059, 0x00323}},
    {0x01ef5, 2, {0x00079, 0x00323}},
    {0x01ef6, 2, {0x00059, 0x00309}},
    {0x01ef7, 2, {0x00079, 0x00309}},
    {0x01ef8, 2, {0x00059, 0x00303}},
    {0x01ef9, 2, {0x00079, 0x00303}},
    {0x01f00, 2, {0x003b1, 0x00313}},
    {0x01f01, 2, {0x003b1, 0x00314}},
    {0x01f02, 3, {0x003b1, 0x00313, 0x00300}},
    {0x01f03, 3, {0x003b1, 0x00314, 0x00300}},
    {0x01f04, 3, {0x003b1, 0x00313, 0x00301}},
    {0x01f05, 3, {0x003b1, 0x00314, 0x00301}},
    {0x01f06, 3, {0x003b1, 0x00313, 0x00342}},
    {0x01f07, 3, {0x003b1, 0x00314, 0x00342}},
    {0x01f08, 2, {0x00391, 0x00313}},
    {0x01f09, 2, {0x00391, 0x00314}},
    {0x01f0a, 3, {0x00391, 0x00313, 0x00300}},
    {0x01f0b, 3, {0x00391, 0x00314, 0x00300}},
    {0x01f0c, 3, {0x00391, 0x00313, 0x00301}},
    {0x01f0d, 3, {0x00391, 0x00314, 0x00301}},
    {0x01f0e, 3, {0x00391, 0x00313, 0x00342}},
    {0x01f0f, 3, {0x00391, 0x00314, 0x00342}},
    {0x01f10, 2, {0x003b5, 0x00313}},
    {0x01f11, 2, {0x003b5, 0x00314}},
    {0x01f12, 3, {0x003b5, 0x00313, 0x00300}},
    {0x01f13, 3, {0x003b5, 0x00314, 0x00300}},
    {0x01f14, 3, {0x003b5, 0x00313, 0x00301}},
    {0x01f15, 3, {0x003b5, 0x00314, 0x00301}},
    {0x01f18, 2, {0x00395, 0x00313}},
    {0x01f19, 2, {0x00395, 0x00314}},
    {0x01f1a, 3, {0x00395, 0x00313, 0x00300}},
    {0x01f1b, 3, {0x00395, 0x00314, 0x00300}},
    {0x01f1c, 3, {0x00395, 0x00313, 0x00301}},
    {0x01f1d, 3, {0x00395, 0x00314, 0x00301}},
    {0x01f20, 2, {0x003b7, 0x00313}},
    {0x01f21, 2, {0x003b7, 0x00314}},
    {0x01f22, 3, {0x003b7, 0x00313, 0x00300}},
    {0x01f23, 3, {0x003b7, 0x00314, 0x00300}},
    {0x01f24, 3, {0x003b7, 0x00313, 0x00301}},
    {0x01f25, 3, {0x003b7, 0x00314, 0x00301}},
    {0x01f26, 3, {0x003b7, 0x00313, 0x00342}},
    {0x01f27, 3, {0x003b7, 0x00314, 0x00342}},
    {0x01f28, 2, {0x00397, 0x00313}},
    {0x01f29, 2, {0x00397, 0x00314}},
    {0x01f2a, 3, {0x00397, 0x00313, 0x00300}},
    {0x01f2b, 3, {0x00397, 0x00314, 0x00300}},
    {0x01f2c, 3, {0x00397, 0x00313, 0x00301}},
    {0x01f2d, 3, {0x00397, 0x00314, 0x00301}},
    {0x01f2e, 3, {0x00397, 0x00313, 0x00342}},
    {0x01f2f, 3, {0x00397, 0x00314, 0x00342}},
    {0x01f30, 2, {0x003b9, 0x00313}},
    {0x01f31, 2, {0x003b9, 0x00314}},
    {0x01f32, 3, {0x003b9, 0x00313, 0x00300}},
    {0x01f33, 3, {0x003b9, 0x00314, 0x00300}},
    {0x01f34, 3, {0x003b9, 0x00313, 0x00301}},
    {0x01f35, 3, {0x003b9, 0x00314, 0x00301}},
    {0x01f36, 3, {0x003b9, 0x00313, 0x00342}},
    {0x01f37, 3, {0x003b9, 0x00314, 0x00342}},
    {0x01f38, 2, {0x00399, 0x00313}},
    {0x01f39, 2, {0x00399, 0x00314}},
    {0x01f3a, 3, {0x00399, 0x00313, 0x00300}},
    {0x01f3b, 3, {0x00399, 0x00314, 0x00300}},
    {0x01f3c, 3, {0x00399, 0x00313, 0x00301}},
    {0x01f3d, 3, {0x00399, 0x00314, 0x00301}},
    {0x01f3e, 3, {0x00399, 0x00313, 0x00342}},
    {0x01f3f, 3, {0x00399, 0x00314, 0x00342}},
    {0x01f40, 2, {0x003bf, 0x00313}},
    {0x01f41, 2, {0x003bf, 0x00314}},
    {0x01f42, 3, {0x003bf, 0x00313, 0x00300}},
    {0x01f43, 3, {0x003bf, 0x00314, 0x00300}},
    {0x01f44, 3, {0x003bf, 0x00313, 0x00301}},
    {0x01f45, 3, {0x003bf, 0x00314, 0x00301}},
    {0x01f48, 2, {0x0039f, 0x00313}},
    {0x01f49, 2, {0x0039f, 0x00314}},
    {0x01f4a, 3, {0x0039f, 0x00313, 0x00300}},
    {0x01f4b, 3, {0x0039f, 0x00314, 0x00300}},
    {0x01f4c, 3, {0x0039f, 0x00313, 0x00301}},
    {0x01f4d, 3, {0x0039f, 0x00314, 0x00301}},
    {0x01f50, 2, {0x003c5, 0x00313}},
    {0x01f51, 2, {0x003c5, 0x00314}},
    {0x01f52, 3, {0x003c5, 0x00313, 0x00300}},
    {0x01f53, 3, {0x003c5, 0x00314, 0x00300}},
    {0x01f54, 3, {0x003c5, 0x00313, 0x00301}},
    {0x01f55, 3, {0x003c5, 0x00314, 0x00301}},
    {0x01f56, 3, {0x003c5, 0x00313, 0x00342}},
    {0x01f57, 3, {0x003c5, 0x00314, 0x00342}},
    {0x01f59, 2, {0x003a5, 0x00314}},
    {0x01f5b, 3, {0x003a5, 0x00314, 0x00300}},
    {0x01f5d, 3, {0x003a5, 0x00314, 0x00301}},
    {0x01f5f, 3, {0x003a5, 0x00314, 0x00342}},
    {0x01f60, 2, {0x003c9, 0x00313}},
    {0x01f61, 2, {0x003c9, 0x00314}},
    {0x01f62, 3, {0x003c9, 0x00313, 0x00300}},
    {0x01f63, 3, {0x003c9, 0x00314, 0x00300}},
    {0x01f64, 3, {0x003c9, 0x00313, 0x00301}},
    {0x01f65, 3, {0x003c9, 0x00314, 0x00301}},
    {0x01f66, 3, {0x003c9, 0x00313, 0x00342}},
    {0x01f67, 3, {0x003c9, 0x00314, 0x00342}},
    {0x01f68, 2, {0x003a9, 0x00313}},
    {0x01f69, 2, {0x003a9, 0x00314}},
    {0x01f6a, 3, {0x003a9, 0x00313, 0x00300}},
    {0x01f6b, 3, {0x003a9, 0x00314, 0x00300}},
    {0x01f6c, 3, {0x003a9, 0x00313, 0x00301}},
    {0x01f6d, 3, {0x003a9, 0x00314, 0x00301}},
    {0x01f6e, 3, {0x003a9, 0x00313, 0x00342}},
    {0x01f6f, 3, {0x003a9, 0x00314, 0x00342}},
    {0x01f70, 2, {0x003b1, 0x00300}},
    {0x01f71, 2, {0x003b1, 0x00301}},
    {0x01f72, 2, {0x003b5, 0x00300}},
    {0x01f73, 2, {0x003b5, 0x00301}},
    {0x01f74, 2, {0x003b7, 0x00300}},
    {0x01f75, 2, {0x003b7, 0x00301}},
    {0x01f76, 2, {0x003b9, 0x00300}},
    {0x01f77, 2, {0x003b9, 0x00301}},
    {0x01f78, 2, {0x003bf, 0x00300}},
    {0x01f79, 2, {0x003bf, 0x00301}},
    {0x01f7a, 2, {0x003c5, 0x00300}},
    {0x01f7b, 2, {0x003c5, 0x00301}},
    {0x01f7c, 2, {0x003c9, 0x00300}},
    {0x01f7d, 2, {0x003c9, 0x00301}},
    {0x01f80, 3, {0x003b1, 0x00313, 0x00345}},
    {0x01f81, 3, {0x003b1, 0x00314, 0x00345}},
    {0x01f82, 4, {0x003b1, 0x00313, 0x00300, 0x00345}},
    {0x01f83, 4, {0x003b1, 0x00314, 0x00300, 0x00345}},
    {0x01f84, 4, {0x003b1, 0x00313, 0x00301, 0x00345}},
    {0x01f85, 4, {0x003b1, 0x00314, 0x00301, 0x00345}},
    {0x01f86, 4, {0x003b1, 0x00313, 0x00342, 0x00345}},
    {0x01f87, 4, {0x003b1, 0x00314, 0x00342, 0x00345}},
    {0x01f88, 3, {0x00391, 0x00313, 0x00345}},
    {0x01f89, 3, {0x00391, 0x00314, 0x00345}},
    {0x01f8a, 4, {0x00391, 0x00313, 0x00300, 0x00345}},
    {0x01f8b, 4, {0x00391, 0x00314, 0x00300, 0x00345}},
    {0x01f8c, 4, {0x00391, 0x00313, 0x00301, 0x00345}},
    {0x01f8d, 4, {0x00391, 0x00314, 0x00301, 0x00345}},
    {0x01f8e, 4, {0x00391, 0x00313, 0x00342, 0x00345}},
    {0x01f8f, 4, {0x00391, 0x00314, 0x00342, 0x00345}},
    {0x01f90, 3, {0x003b7, 0x00313, 0x00345}},
    {0x01f91, 3, {0x003b7, 0x00314, 0x00345}},
    {0x01f92, 4, {0x003b7, 0x00313, 0x00300, 0x00345}},
    {0x01f93, 4, {0x003b7, 0x00314, 0x00300, 0x00345}},
    {0x01f94, 4, {0x003b7, 0x00313, 0x00301, 0x00345}},
    {0x01f95, 4, {0x003b7, 0x00314, 0x00301, 0x00345}},
    {0x01f96, 4, {0x003b7, 0x00313, 0x00342, 0x00345}},
    {0x01f97, 4, {0x003b7, 0x00314, 0x00342, 0x00345}},
    {0x01f98, 3, {0x00397, 0x00313, 0x00345}},
    {0x01f99, 3, {0x00397, 0x00314, 0x00345}},
    {0x01f9a, 4, {0x00397, 0x00313, 0x00300, 0x00345}},
    {0x01f9b, 4, {0x00397, 0x00314, 0x00300, 0x00345}},
    {0x01f9c, 4, {0x00397, 0x00313, 0x00301, 0x00345}},
    {0x01f9d, 4, {0x00397, 0x00314, 0x00301, 0x00345}},
    {0x01f9e, 4, {0x00397, 0x00313, 0x00342, 0x00345}},
    {0x01f9f, 4, {0x00397, 0x00314, 0x00342, 0x00345}},
    {0x01fa0, 3, {0x003c9, 0x00313, 0x00345}},
    {0x01fa1, 3, {0x003c9, 0x00314, 0x00345}},
    {0x01fa2, 4, {0x003c9, 0x00313, 0x00300, 0x00345}},
    {0x01fa3, 4, {0x003c9, 0x00314, 0x00300, 0x00345}},
    {0x01fa4, 4, {0x003c9, 0x00313, 0x00301, 0x00345}},
    {0x01fa5, 4, {0x003c9, 0x00314, 0x00301, 0x00345}},
    {0x01fa6, 4, {0x003c9, 0x00313, 0x00342, 0x00345}},
    {0x01fa7, 4, {0x003c9, 0x00314, 0x00342, 0x00345}},
    {0x01fa8, 3, {0x003a9, 0x00313, 0x00345}},
    {0x01fa9, 3, {0x003a9, 0x00314, 0x00345}},
    {0x01faa, 4, {0x003a9, 0x00313, 0x00300, 0x00345}},
    {0x01fab, 4, {0x003a9, 0x00314, 0x00300, 0x00345}},
    {0x01fac, 4, {0x003a9, 0x00313, 0x00301, 0x00345}},
    {0x01fad, 4, {0x003a9, 0x00314, 0x00301, 0x00345}},
    {0x01fae, 4, {0x003a9, 0x00313, 0x00342, 0x00345}},
    {0x01faf, 4, {0x003a9, 0x00314, 0x00342, 0x00345}},
    {0x01fb0, 2, {0x003b1, 0x00306}},
    {0x01fb1, 2, {0x003b1, 0x00304}},
    {0x01fb2, 3, {0x003b1, 0x00300, 0x00345}},
    {0x01fb3, 2, {0x003b1, 0x00345}},
    {0x01fb4, 3, {0x003b1, 0x00301, 0x00345}},
    {0x01fb6, 2, {0x003b1, 0x00342}},
    {0x01fb7, 3, {0x003b1, 0x00342, 0x00345}},
    {0x01fb8, 2, {0x00391, 0x00306}},
    {0x01fb9, 2, {0x00391, 0x00304}},
    {0x01fba, 2, {0x00391, 0x00300}},
    {0x01fbb, 2, {0x00391, 0x00301}},
    {0x01fbc, 2, {0x00391, 0x00345}},
    {0x01fbe, 1, {0x003b9}},
    {0x01fc1, 2, {0x000a8, 0x00342}},
    {0x01fc2, 3, {0x003b7, 0x00300, 0x00345}},
    {0x01fc3, 2, {0x003b7, 0x00345}},
    {0x01fc4, 3, {0x003b7, 0x00301, 0x00345}},
    {0x01fc6, 2, {0x003b7, 0x00342}},
    {0x01fc7, 3, {0x003b7, 0x00342, 0x00345}},
    {0x01fc8, 2, {0x00395, 0x00300}},
    {0x01fc9, 2, {0x00395, 0x00301}},
    {0x01fca, 2, {0x00397, 0x00300}},
    {0x01fcb, 2, {0x00397, 0x00301}},
    {0x01fcc, 2, {0x00397, 0x00345}},
    {0x01fcd, 2, {0x01fbf, 0x00300}},
    {0x01fce, 2, {0x01fbf, 0x00301}},
    {0x01fcf, 2, {0x01fbf, 0x00342}},
    {0x01fd0, 2, {0x003b9, 0x00306}},
    {0x01fd1, 2, {0x003b9, 0x00304}},
    {0x01fd2, 3, {0x003b9, 0x00308, 0x00300}},
    {0x01fd3, 3, {0x003b9, 0x00308, 0x00301}},
    {0x01fd6, 2, {0x003b9, 0x00342}},
    {0x01fd7, 3, {0x003b9, 0x00308, 0x00342}},
    {0x01fd8, 2, {0x00399, 0x00306}},
    {0x01fd9, 2, {0x00399, 0x00304}},
    {0x01fda, 2, {0x00399, 0x00300}},
    {0x01fdb, 2, {0x00399, 0x00301}},
    {0x01fdd, 2, {0x01ffe, 0x00300}},
    {0x01fde, 2, {0x01ffe, 0x00301}},
    {0x01fdf, 2, {0x01ffe, 0x00342}},
    {0x01fe0, 2, {0x003c5, 0x00306}},
    {0x01fe1, 2, {0x003c5, 0x00304}},
    {0x01fe2, 3, {0x003c5, 0x00308, 0x00300}},
    {0x01fe3, 3, {0x003c5, 0x00308, 0x00301}},
    {0x01fe4, 2, {0x003c1, 0x00313}},
    {0x01fe5, 2, {0x003c1, 0x00314}},
    {0x01fe6, 2, {0x003c5, 0x00342}},
    {0x01fe7, 3, {0x003c5, 0x00308, 0x00342}},
    {0x01fe8, 2, {0x003a5, 0x00306}},
    {0x01fe9, 2, {0x003a5, 0x00304}},
    {0x01fea, 2, {0x003a5, 0x00300}},
    {0x01feb, 2, {0x003a5, 0x00301}},
    {0x01fec, 2, {0x003a1, 0x00314}},
    {0x01fed, 2, {0x000a8, 0x00300}},
    {0x01fee, 2, {0x000a8, 0x00301}},
    {0x01fef, 1, {0x00060}},
    {0x01ff2, 3, {0x003c9, 0x00300, 0x00345}},
    {0x01ff3, 2, {0x003c9, 0x00345}},
    {0x01ff4, 3, {0x003c9, 0x00301, 0x00345}},
    {0x01ff6, 2, {0x003c9, 0x00342}},
    {0x01ff7, 3, {0x003c9, 0x00342, 0x00345}},
    {0x01ff8, 2, {0x0039f, 0x00300}},
    {0x01ff9, 2, {0x0039f, 0x00301}},
    {0x01ffa, 2, {0x003a9, 0x00300}},
    {0x01ffb, 2, {0x003a9, 0x00301}},
    {0x01ffc, 2, {0x003a9, 0x00345}},
    {0x01ffd, 1, {0x000b4}},
    {0x02000, 1, {0x02002}},
    {0x02001, 1, {0x02003}},
    {0x02126, 1, {0x003a9}},
    {0x0212a, 1, {0x0004b}},
    {0x0212b, 2, {0x00041, 0x0030a}},
    {0x0219a, 2, {0x02190, 0x00338}},
    {0x0219b, 2, {0x02192, 0x00338}},
    {0x021ae, 2, {0x02194, 0x00338}},
    {0x021cd, 2, {0x021d0, 0x00338}},
    {0x021ce, 2, {0x021d4, 0x00338}},
    {0x021cf, 2, {0x021d2, 0x00338}},
    {0x02204, 2, {0x02203, 0x00338}},
    {0x02209, 2, {0x02208, 0x00338}},
    {0x0220c, 2, {0x0220b, 0x00338}},
    {0x02224, 2, {0x02223, 0x00338}},
    {0x02226, 2, {0x02225, 0x00338}},
    {0x02241, 2, {0x0223c, 0x00338}},
    {0x02244, 2, {0x02243, 0x00338}},
    {0x02247, 2, {0x02245, 0x00338}},
    {0x02249, 2, {0x02248, 0x00338}},
    {0x02260, 2, {0x0003d, 0x00338}},
    {0x02262, 2, {0x02261, 0x00338}},
    {0x0226d, 2, {0x0224d, 0x00338}},
    {0x0226e, 2, {0x0003c, 0x00338}},
    {0x0226f, 2, {0x0003e, 0x00338}},
    {0x02270, 2, {0x02264, 0x00338}},
    {0x02271, 2, {0x02265, 0x00338}},
    {0x02274, 2, {0x02272, 0x00338}},
    {0x02275, 2, {0x02273, 0x00338}},
    {0x02278, 2, {0x02276, 0x00338}},
    {0x02279, 2, {0x02277, 0x00338}},
    {0x02280, 2, {0x0227a, 0x00338}},
    {0x02281, 2, {0x0227b, 0x00338}},
    {0x02284, 2, {0x02282, 0x00338}},
    {0x02285, 2, {0x02283, 0x00338}},
    {0x02288, 2, {0x02286, 0x00338}},
    {0x02289, 2, {0x02287, 0x00338}},
    {0x022ac, 2, {0x022a2, 0x00338}},
    {0x022ad, 2, {0x022a8, 0x00338}},
    {0x022ae, 2, {0x022a9, 0x00338}},
    {0x022af, 2, {0x022ab, 0x00338}},
    {0x022e0, 2, {0x0227c, 0x00338}},
    {0x022e1, 2, {0x0227d, 0x00338}},
    {0x022e2, 2, {0x02291, 0x00338}},
    {0x022e3, 2, {0x02292, 0x00338}},
    {0x022ea, 2, {0x022b2, 0x00338}},
    {0x022eb, 2, {0x022b3, 0x00338}},
    {0x022ec, 2, {0x022b4, 0x00338}},
    {0x022ed, 2, {0x022b5, 0x00338}},
    {0x02329, 1, {0x03008}},
    {0x0232a, 1, {0x03009}},
    {0x02adc, 2, {0x02add, 0x00338}},
    {0x0304c, 2, {0x0304b, 0x03099}},
    {0x0304e, 2, {0x0304d, 0x03099}},
    {0x03050, 2, {0x0304f, 0x03099}},
    {0x03052, 2, {0x03051, 0x03099}},
    {0x03054, 2, {0x03053, 0x03099}},
    {0x03056, 2, {0x03055, 0x03099}},
    {0x03058, 2, {0x03057, 0x03099}},
    {0x0305a, 2, {0x03059, 0x03099}},
    {0x0305c, 2, {0x0305b, 0x03099}},
    {0x0305e, 2, {0x0305d, 0x03099}},
    {0x03060, 2, {0x0305f, 0x03099}},
    {0x03062, 2, {0x03061, 0x03099}},
    {0x03065, 2, {0x03064, 0x03099}},
    {0x03067, 2, {0x03066, 0x03099}},
    {0x03069, 2, {0x03068, 0x03099}},
    {0x03070, 2, {0x0306f, 0x03099}},
    {0x03071, 2, {0x0306f, 0x0309a}},
    {0x03073, 2, {0x03072, 0x03099}},
    {0x03074, 2, {0x03072, 0x0309a}},
    {0x03076, 2, {0x03075, 0x03099}},
    {0x03077, 2, {0x03075, 0x0309a}},
    {0x03079, 2, {0x03078, 0x03099}},
    {0x0307a, 2, {0x03078, 0x0309a}},
    {0x0307c, 2, {0x0307b, 0x03099}},
    {0x0307d, 2, {0x0307b, 0x0309a}},
    {0x03094, 2, {0x03046, 0x03099}},
    {0x0309e, 2, {0x0309d, 0x03099}},
    {0x030ac, 2, {0x030ab, 0x03099}},
    {0x030ae, 2, {0x030ad, 0x03099}},
    {0x030b0, 2, {0x030af, 0x03099}},
    {0x030b2, 2, {0x030b1, 0x03099}},
    {0x030b4, 2, {0x030b3, 0x03099}},
    {0x030b6, 2, {0x030b5, 0x03099}},
    {0x030b8, 2, {0x030b7, 0x03099}},
    {0x030ba, 2, {0x030b9, 0x03099}},
    {0x030bc, 2, {0x030bb, 0x03099}},
    {0x030be, 2, {0x030bd, 0x03099}},
    {0x030c0, 2, {0x030bf, 0x03099}},
    {0x030c2, 2, {0x030c1, 0x03099}},
    {0x030c5, 2, {0x030c4, 0x03099}},
    {0x030c7, 2, {0x030c6, 0x03099}},
    {0x030c9, 2, {0x030c8, 0x03099}},
    {0x030d0, 2, {0x030cf, 0x03099}},
    {0x030d1, 2, {0x030cf, 0x0309a}},
    {0x030d3, 2, {0x030d2, 0x03099}},
    {0x030d4, 2, {0x030d2, 0x0309a}},
    {0x030d6, 2, {0x030d5, 0x03099}},
    {0x030d7, 2, {0x030d5, 0x0309a}},
    {0x030d9, 2, {0x030d8, 0x03099}},
    {0x030da, 2, {0x030d8, 0x0309a}},
    {0x030dc, 2, {0x030db, 0x03099}},
    {0x030dd, 2, {0x030db, 0x0309a}},
    {0x030f4, 2, {0x030a6, 0x03099}},
    {0x030f7, 2, {0x030ef, 0x03099}},
    {0x030f8, 2, {0x030f0, 0x03099}},
    {0x030f9, 2, {0x030f1, 0x03099}},
    {0x030fa, 2, {0x030f2, 0x03099}},
    {0x030fe, 2, {0x030fd, 0x03099}},
    {0x0f900, 1, {0x08c48}},
    {0x0f901, 1, {0x066f4}},
    {0x0f902, 1, {0x08eca}},
    {0x0f903, 1, {0x08cc8}},
    {0x0f904, 1, {0x06ed1}},
    {0x0f905, 1, {0x04e32}},
    {0x0f906, 1, {0x053e5}},
    {0x0f907, 1, {0x09f9c}},
    {0x0f908, 1, {0x09f9c}},
    {0x0f909, 1, {0x05951}},
    {0x0f90a, 1, {0x091d1}},
    {0x0f90b, 1, {0x05587}},
    {0x0f90c, 1, {0x05948}},
    {0x0f90d, 1, {0x061f6}},
    {0x0f90e, 1, {0x07669}},
    {0x0f90f, 1, {0x07f85}},
    {0x0f910, 1, {0x0863f}},
    {0x0f911, 1, {0x087ba}},
    {0x0f912, 1, {0x088f8}},
    {0x0f913, 1, {0x0908f}},
    {0x0f914, 1, {0x06a02}},
    {0x0f915, 1, {0x06d1b}},
    {0x0f916, 1, {0x070d9}},
    {0x0f917, 1, {0x073de}},
    {0x0f918, 1, {0x0843d}},
    {0x0f919, 1, {0x0916a}},
    {0x0f91a, 1, {0x099f1}},
    {0x0f91b, 1, {0x04e82}},
    {0x0f91c, 1, {0x05375}},
    {0x0f91d, 1, {0x06b04}},
    {0x0f91e, 1, {0x0721b}},
    {0x0f91f, 1, {0x0862d}},
    {0x0f920, 1, {0x09e1e}},
    {0x0f921, 1, {0x05d50}},
    {0x0f922, 1, {0x06feb}},
    {0x0f923, 1, {0x085cd}},
    {0x0f924, 1, {0x08964}},
    {0x0f925, 1, {0x062c9}},
    {0x0f926, 1, {0x081d8}},
    {0x0f927, 1, {0x0881f}},
    {0x0f928, 1, {0x05eca}},
    {0x0f929, 1, {0x06717}},
    {0x0f92a, 1, {0x06d6a}},
    {0x0f92b, 1, {0x072fc}},
    {0x0f92c, 1, {0x090ce}},
    {0x0f92d, 1, {0x04f86}},
    {0x0f92e, 1, {0x051b7}},
    {0x0f92f, 1, {0x052de}},
    {0x0f930, 1, {0x064c4}},
    {0x0f931, 1, {0x06ad3}},
    {0x0f932, 1, {0x07210}},
    {0x0f933, 1, {0x076e7}},
    {0x0f934, 1, {0x08001}},
    {0x0f935, 1, {0x08606}},
    {0x0f936, 1, {0x0865c}},
    {0x0f937, 1, {0x08def}},
    {0x0f938, 1, {0x09732}},
    {0x0f939, 1, {0x09b6f}},
    {0x0f93a, 1, {0x09dfa}},
    {0x0f93b, 1, {0x0788c}},
    {0x0f93c, 1, {0x0797f}},
    {0x0f93d, 1, {0x07da0}},
    {0x0f93e, 1, {0x083c9}},
    {0x0f93f, 1, {0x09304}},
    {0x0f940, 1, {0x09e7f}},
    {0x0f941, 1, {0x08ad6}},
    {0x0f942, 1, {0x058df}},
    {0x0f943, 1, {0x05f04}},
    {0x0f944, 1, {0x07c60}},
    {0x0f945, 1, {0x0807e}},
    {0x0f946, 1, {0x07262}},
    {0x0f947, 1, {0x078ca}},
    {0x0f948, 1, {0x08cc2}},
    {0x0f949, 1, {0x096f7}},
    {0x0f94a, 1, {0x058d8}},
    {0x0f94b, 1, {0x05c62}},
    {0x0f94c, 1, {0x06a13}},
    {0x0f94d, 1, {0x06dda}},
    {0x0f94e, 1, {0x06f0f}},
    {0x0f94f, 1, {0x07d2f}},
    {0x0f950, 1, {0x07e37}},
    {0x0f951, 1, {0x0964b}},
    {0x0f952, 1, {0x052d2}},
    {0x0f953, 1, {0x0808b}},
    {0x0f954, 1, {0x051dc}},
    {0x0f955, 1, {0x051cc}},
    {0x0f956, 1, {0x07a1c}},
    {0x0f957, 1, {0x07dbe}},
    {0x0f958, 1, {0x083f1}},
    {0x0f959, 1, {0x09675}},
    {0x0f95a, 1, {0x08b80}},
    {0x0f95b, 1, {0x062cf}},
    {0x0f95c, 1, {0x06a02}},
    {0x0f95d, 1, {0x08afe}},
    {0x0f95e, 1, {0x04e39}},
    {0x0f95f, 1, {0x05be7}},
    {0x0f960, 1, {0x06012}},
    {0x0f961, 1, {0x07387}},
    {0x0f962, 1, {0x07570}},
    {0x0f963, 1, {0x05317}},
    {0x0f964, 1, {0x078fb}},
    {0x0f965, 1, {0x04fbf}},
    {0x0f966, 1, {0x05fa9}},
    {0x0f967, 1, {0x04e0d}},
    {0x0f968, 1, {0x06ccc}},
    {0x0f969, 1, {0x06578}},
    {0x0f96a, 1, {0x07d22}},
    {0x0f96b, 1, {0x053c3}},
    {0x0f96c, 1, {0x0585e}},
    {0x0f96d, 1, {0x07701}},
    {0x0f96e, 1, {0x08449}},
    {0x0f96f, 1, {0x08aaa}},
    {0x0f970, 1, {0x06bba}},
    {0x0f971, 1, {0x08fb0}},
    {0x0f972, 1, {0x06c88}},
    {0x0f973, 1, {0x062fe}},
    {0x0f974, 1, {0x082e5}},
    {0x0f975, 1, {0x063a0}},
    {0x0f976, 1, {0x07565}},
    {0x0f977, 1, {0x04eae}},
    {0x0f978, 1, {0x05169}},
    {0x0f979, 1, {0x051c9}},
    {0x0f97a, 1, {0x06881}},
    {0x0f97b, 1, {0x07ce7}},
    {0x0f97c, 1, {0x0826f}},
    {0x0f97d, 1, {0x08ad2}},
    {0x0f97e, 1, {0x091cf}},
    {0x0f97f, 1, {0x052f5}},
    {0x0f980, 1, {0x05442}},
    {0x0f981, 1, {0x05973}},
    {0x0f982, 1, {0x05eec}},
    {0x0f983, 1, {0x065c5}},
    {0x0f984, 1, {0x06ffe}},
    {0x0f985, 1, {0x0792a}},
    {0x0f986, 1, {0x095ad}},
    {0x0f987, 1, {0x09a6a}},
    {0x0f988, 1, {0x09e97}},
    {0x0f989, 1, {0x09ece}},
    {0x0f98a, 1, {0x0529b}},
    {0x0f98b, 1, {0x066c6}},
    {0x0f98c, 1, {0x06b77}},
    {0x0f98d, 1, {0x08f62}},
    {0x0f98e, 1, {0x05e74}},
    {0x0f98f, 1, {0x06190}},
    {0x0f990, 1, {0x06200}},
    {0x0f991, 1, {0x0649a}},
    {0x0f992, 1, {0x06f23}},
    {0x0f993, 1, {0x07149}},
    {0x0f994, 1, {0x07489}},
    {0x0f995, 1, {0x079ca}},
    {0x0f996, 1, {0x07df4}},
    {0x0f997, 1, {0x0806f}},
    {0x0f998, 1, {0x08f26}},
    {0x0f999, 1, {0x084ee}},
    {0x0f99a, 1, {0x09023}},
    {0x0f99b, 1, {0x0934a}},
    {0x0f99c, 1, {0x05217}},
    {0x0f99d, 1, {0x052a3}},
    {0x0f99e, 1, {0x054bd}},
    {0x0f99f, 1, {0x070c8}},
    {0x0f9a0, 1, {0x088c2}},
    {0x0f9a1, 1, {0x08aaa}},
    {0x0f9a2, 1, {0x05ec9}},
    {0x0f9a3, 1, {0x05ff5}},
    {0x0f9a4, 1, {0x0637b}},
    {0x0f9a5, 1, {0x06bae}},
    {0x0f9a6, 1, {0x07c3e}},
    {0x0f9a7, 1, {0x07375}},
    {0x0f9a8, 1, {0x04ee4}},
    {0x0f9a9, 1, {0x056f9}},
    {0x0f9aa, 1, {0x05be7}},
    {0x0f9ab, 1, {0x05dba}},
    {0x0f9ac, 1, {0x0601c}},
    {0x0f9ad, 1, {0x073b2}},
    {0x0f9ae, 1, {0x07469}},
    {0x0f9af, 1, {0x07f9a}},
    {0x0f9b0, 1, {0x08046}},
    {0x0f9b1, 1, {0x09234}},
    {0x0f9b2, 1, {0x096f6}},
    {0x0f9b3, 1, {0x09748}},
    {0x0f9b4, 1, {0x09818}},
    {0x0f9b5, 1, {0x04f8b}},
    {0x0f9b6, 1, {0x079ae}},
    {0x0f9b7, 1, {0x091b4}},
    {0x0f9b8, 1, {0x096b8}},
    {0x0f9b9, 1, {0x060e1}},
    {0x0f9ba, 1, {0x04e86}},
    {0x0f9bb, 1, {0x050da}},
    {0x0f9bc, 1, {0x05bee}},
    {0x0f9bd, 1, {0x05c3f}},
    {0x0f9be, 1, {0x06599}},
    {0x0f9bf, 1, {0x06a02}},
    {0x0f9c0, 1, {0x071ce}},
    {0x0f9c1, 1, {0x07642}},
    {0x0f9c2, 1, {0x084fc}},
    {0x0f9c3, 1, {0x0907c}},
    {0x0f9c4, 1, {0x09f8d}},
    {0x0f9c5, 1, {0x06688}},
    {0x0f9c6, 1, {0x0962e}},
    {0x0f9c7, 1, {0x05289}},
    {0x0f9c8, 1, {0x0677b}},
    {0x0f9c9, 1, {0x067f3}},
    {0x0f9ca, 1, {0x06d41}},
    {0x0f9cb, 1, {0x06e9c}},
    {0x0f9cc, 1, {0x07409}},
    {0x0f9cd, 1, {0x07559}},
    {0x0f9ce, 1, {0x0786b}},
    {0x0f9cf, 1, {0x07d10}},
    {0x0f9d0, 1, {0x0985e}},
    {0x0f9d1, 1, {0x0516d}},
    {0x0f9d2, 1, {0x0622e}},
    {0x0f9d3, 1, {0x09678}},
    {0x0f9d4, 1, {0x0502b}},
    {0x0f9d5, 1, {0x05d19}},
    {0x0f9d6, 1, {0x06dea}},
    {0x0f9d7, 1, {0x08f2a}},
    {0x0f9d8, 1, {0x05f8b}},
    {0x0f9d9, 1, {0x06144}},
    {0x0f9da, 1, {0x06817}},
    {0x0f9db, 1, {0x07387}},
    {0x0f9dc, 1, {0x09686}},
    {0x0f9dd, 1, {0x05229}},
    {0x0f9de, 1, {0x0540f}},
    {0x0f9df, 1, {0x05c65}},
    {0x0f9e0, 1, {0x06613}},
    {0x0f9e1, 1, {0x0674e}},
    {0x0f9e2, 1, {0x068a8}},
    {0x0f9e3, 1, {0x06ce5}},
    {0x0f9e4, 1, {0x07406}},
    {0x0f9e5, 1, {0x075e2}},
    {0x0f9e6, 1, {0x07f79}},
    {0x0f9e7, 1, {0x088cf}},
    {0x0f9e8, 1, {0x088e1}},
    {0x0f9e9, 1, {0x091cc}},
    {0x0f9ea, 1, {0x096e2}},
    {0x0f9eb, 1, {0x0533f}},
    {0x0f9ec, 1, {0x06eba}},
    {0x0f9ed, 1, {0x0541d}},
    {0x0f9ee, 1, {0x071d0}},
    {0x0f9ef, 1, {0x07498}},
    {0x0f9f0, 1, {0x085fa}},
    {0x0f9f1, 1, {0x096a3}},
    {0x0f9f2, 1, {0x09c57}},
    {0x0f9f3, 1, {0x09e9f}},
    {0x0f9f4, 1, {0x06797}},
    {0x0f9f5, 1, {0x06dcb}},
    {0x0f9f6, 1, {0x081e8}},
    {0x0f9f7, 1, {0x07acb}},
    {0x0f9f8, 1, {0x07b20}},
    {0x0f9f9, 1, {0x07c92}},
    {0x0f9fa, 1, {0x072c0}},
    {0x0f9fb, 1, {0x07099}},
    {0x0f9fc, 1, {0x08b58}},
    {0x0f9fd, 1, {0x04ec0}},
    {0x0f9fe, 1, {0x08336}},
    {0x0f9ff, 1, {0x0523a}},
    {0x0fa00, 1, {0x05207}},
    {0x0fa01, 1, {0x05ea6}},
    {0x0fa02, 1, {0x062d3}},
    {0x0fa03, 1, {0x07cd6}},
    {0x0fa04, 1, {0x05b85}},
    {0x0fa05, 1, {0x06d1e}},
    {0x0fa06, 1, {0x066b4}},
    {0x0fa07, 1, {0x08f3b}},
    {0x0fa08, 1, {0x0884c}},
    {0x0fa09, 1, {0x0964d}},
    {0x0fa0a, 1, {0x0898b}},
    {0x0fa0b, 1, {0x05ed3}},
    {0x0fa0c, 1, {0x05140}},
    {0x0fa0d, 1, {0x055c0}},
    {0x0fa10, 1, {0x0585a}},
    {0x0fa12, 1, {0x06674}},
    {0x0fa15, 1, {0x051de}},
    {0x0fa16, 1, {0x0732a}},
    {0x0fa17, 1, {0x076ca}},
    {0x0fa18, 1, {0x0793c}},
    {0x0fa19, 1, {0x0795e}},
    {0x0fa1a, 1, {0x07965}},
    {0x0fa1b, 1, {0x0798f}},
    {0x0fa1c, 1, {0x09756}},
    {0x0fa1d, 1, {0x07cbe}},
    {0x0fa1e, 1, {0x07fbd}},
    {0x0fa20, 1, {0x08612}},
    {0x0fa22, 1, {0x08af8}},
    {0x0fa25, 1, {0x09038}},
    {0x0fa26, 1, {0x090fd}},
    {0x0fa2a, 1, {0x098ef}},
    {0x0fa2b, 1, {0x098fc}},
    {0x0fa2c, 1, {0x09928}},
    {0x0fa2d, 1, {0x09db4}},
    {0x0fa2e, 1, {0x090de}},
    {0x0fa2f, 1, {0x096b7}},
    {0x0fa30, 1, {0x04fae}},
    {0x0fa31, 1, {0x050e7}},
    {0x0fa32, 1, {0x0514d}},
    {0x0fa33, 1, {0x052c9}},
    {0x0fa34, 1, {0x052e4}},
    {0x0fa35, 1, {0x05351}},
    {0x0fa36, 1, {0x0559d}},
    {0x0fa37, 1, {0x05606}},
    {0x0fa38, 1, {0x05668}},
    {0x0fa39, 1, {0x05840}},
    {0x0fa3a, 1, {0x058a8}},
    {0x0fa3b, 1, {0x05c64}},
    {0x0fa3c, 1, {0x05c6e}},
    {0x0fa3d, 1, {0x06094}},
    {0x0fa3e, 1, {0x06168}},
    {0x0fa3f, 1, {0x0618e}},
    {0x0fa40, 1, {0x061f2}},
    {0x0fa41, 1, {0x0654f}},
    {0x0fa42, 1, {0x065e2}},
    {0x0fa43, 1, {0x06691}},
    {0x0fa44, 1, {0x06885}},
    {0x0fa45, 1, {0x06d77}},
    {0x0fa46, 1, {0x06e1a}},
    {0x0fa47, 1, {0x06f22}},
    {0x0fa48, 1, {0x0716e}},
    {0x0fa49, 1, {0x0722b}},
    {0x0fa4a, 1, {0x07422}},
    {0x0fa4b, 1, {0x07891}},
    {0x0fa4c, 1, {0x0793e}},
    {0x0fa4d, 1, {0x07949}},
    {0x0fa4e, 1, {0x07948}},
    {0x0fa4f, 1, {0x07950}},
    {0x0fa50, 1, {0x07956}},
    {0x0fa51, 1, {0x0795d}},
    {0x0fa52, 1, {0x0798d}},
    {0x0fa53, 1, {0x0798e}},
    {0x0fa54, 1, {0x07a40}},
    {0x0fa55, 1, {0x07a81}},
    {0x0fa56, 1, {0x07bc0}},
    {0x0fa57, 1, {0x07df4}},
    {0x0fa58, 1, {0x07e09}},
    {0x0fa59, 1, {0x07e41}},
    {0x0fa5a, 1, {0x07f72}},
    {0x0fa5b, 1, {0x08005}},
    {0x0fa5c, 1, {0x081ed}},
    {0x0fa5d, 1, {0x08279}},
    {0x0fa5e, 1, {0x08279}},
    {0x0fa5f, 1, {0x08457}},
    {0x0fa60, 1, {0x08910}},
    {0x0fa61, 1, {0x08996}},
    {0x0fa62, 1, {0x08b01}},
    {0x0fa63, 1, {0x08b39}},
    {0x0fa64, 1, {0x08cd3}},
    {0x0fa65, 1, {0x08d08}},
    {0x0fa66, 1, {0x08fb6}},
    {0x0fa67, 1, {0x09038}},
    {0x0fa68, 1, {0x096e3}},
    {0x0fa69, 1, {0x097ff}},
    {0x0fa6a, 1, {0x0983b}},
    {0x0fa6b, 1, {0x06075}},
    {0x0fa6c, 1, {0x242ee}},
    {0x0fa6d, 1, {0x08218}},
    {0x0fa70, 1, {0x04e26}},
    {0x0fa71, 1, {0x051b5}},
    {0x0fa72, 1, {0x05168}},
    {0x0fa73, 1, {0x04f80}},
    {0x0fa74, 1, {0x05145}},
    {0x0fa75, 1, {0x05180}},
    {0x0fa76, 1, {0x052c7}},
    {0x0fa77, 1, {0x052fa}},
    {0x0fa78, 1, {0x0559d}},
    {0x0fa79, 1, {0x05555}},
    {0x0fa7a, 1, {0x05599}},
    {0x0fa7b, 1, {0x055e2}},
    {0x0fa7c, 1, {0x0585a}},
    {0x0fa7d, 1, {0x058b3}},
    {0x0fa7e, 1, {0x05944}},
    {0x0fa7f, 1, {0x05954}},
    {0x0fa80, 1, {0x05a62}},
    {0x0fa81, 1, {0x05b28}},
    {0x0fa82, 1, {0x05ed2}},
    {0x0fa83, 1, {0x05ed9}},
    {0x0fa84, 1, {0x05f69}},
    {0x0fa85, 1, {0x05fad}},
    {0x0fa86, 1, {0x060d8}},
    {0x0fa87, 1, {0x0614e}},
    {0x0fa88, 1, {0x06108}},
    {0x0fa89, 1, {0x0618e}},
    {0x0fa8a, 1, {0x06160}},
    {0x0fa8b, 1, {0x061f2}},
    {0x0fa8c, 1, {0x06234}},
    {0x0fa8d, 1, {0x063c4}},
    {0x0fa8e, 1, {0x0641c}},
    {0x0fa8f, 1, {0x06452}},
    {0x0fa90, 1, {0x06556}},
    {0x0fa91, 1, {0x06674}},
    {0x0fa92, 1, {0x06717}},
    {0x0fa93, 1, {0x0671b}},
    {0x0fa94, 1, {0x06756}},
    {0x0fa95, 1, {0x06b79}},
    {0x0fa96, 1, {0x06bba}},
    {0x0fa97, 1, {0x06d41}},
    {0x0fa98, 1, {0x06edb}},
    {0x0fa99, 1, {0x06ecb}},
    {0x0fa9a, 1, {0x06f22}},
    {0x0fa9b, 1, {0x0701e}},
    {0x0fa9c, 1, {0x0716e}},
    {0x0fa9d, 1, {0x077a7}},
    {0x0fa9e, 1, {0x07235}},
    {0x0fa9f, 1, {0x072af}},
    {0x0faa0, 1, {0x0732a}},
    {0x0faa1, 1, {0x07471}},
    {0x0faa2, 1, {0x07506}},
    {0x0faa3, 1, {0x0753b}},
    {0x0faa4, 1, {0x0761d}},
    {0x0faa5, 1, {0x0761f}},
    {0x0faa6, 1, {0x076ca}},
    {0x0faa7, 1, {0x076db}},
    {0x0faa8, 1, {0x076f4}},
    {0x0faa9, 1, {0x0774a}},
    {0x0faaa, 1, {0x07740}},
    {0x0faab, 1, {0x078cc}},
    {0x0faac, 1, {0x07ab1}},
    {0x0faad, 1, {0x07bc0}},
    {0x0faae, 1, {0x07c7b}},
    {0x0faaf, 1, {0x07d5b}},
    {0x0fab0, 1, {0x07df4}},
    {0x0fab1, 1, {0x07f3e}},
    {0x0fab2, 1, {0x08005}},
    {0x0fab3, 1, {0x08352}},
    {0x0fab4, 1, {0x083ef}},
    {0x0fab5, 1, {0x08779}},
    {0x0fab6, 1, {0x08941}},
    {0x0fab7, 1, {0x08986}},
    {0x0fab8, 1, {0x08996}},
    {0x0fab9, 1, {0x08abf}},
    {0x0faba, 1, {0x08af8}},
    {0x0fabb, 1, {0x08acb}},
    {0x0fabc, 1, {0x08b01}},
    {0x0fabd, 1, {0x08afe}},
    {0x0fabe, 1, {0x08aed}},
    {0x0fabf, 1, {0x08b39}},
    {0x0fac0, 1, {0x08b8a}},
    {0x0fac1, 1, {0x08d08}},
    {0x0fac2, 1, {0x08f38}},
    {0x0fac3, 1, {0x09072}},
    {0x0fac4, 1, {0x09199}},
    {0x0fac5, 1, {0x09276}},
    {0x0fac6, 1, {0x0967c}},
    {0x0fac7, 1, {0x096e3}},
    {0x0fac8, 1, {0x09756}},
    {0x0fac9, 1, {0x097db}},
    {0x0faca, 1, {0x097ff}},
    {0x0facb, 1, {0x0980b}},
    {0x0facc, 1, {0x0983b}},
    {0x0facd, 1, {0x09b12}},
    {0x0face, 1, {0x09f9c}},
    {0x0facf, 1, {0x2284a}},
    {0x0fad0, 1, {0x22844}},
    {0x0fad1, 1, {0x233d5}},
    {0x0fad2, 1, {0x03b9d}},
    {0x0fad3, 1, {0x04018}},
    {0x0fad4, 1, {0x04039}},
    {0x0fad5, 1, {0x25249}},
    {0x0fad6, 1, {0x25cd0}},
    {0x0fad7, 1, {0x27ed3}},
    {0x0fad8, 1, {0x09f43}},
    {0x0fad9, 1, {0x09f8e}},
    {0x0fb1d, 2, {0x005d9, 0x005b4}},
    {0x0fb1f, 2, {0x005f2, 0x005b7}},
    {0x0fb2a, 2, {0x005e9, 0x005c1}},
    {0x0fb2b, 2, {0x005e9, 0x005c2}},
    {0x0fb2c, 3, {0x005e9, 0x005bc, 0x005c1}},
    {0x0fb2d, 3, {0x005e9, 0x005bc, 0x005c2}},
    {0x0fb2e, 2, {0x005d0, 0x005b7}},
    {0x0fb2f, 2, {0x005d0, 0x005b8}},
    {0x0fb30, 2, {0x005d0, 0x005bc}},
    {0x0fb31, 2, {0x005d1, 0x005bc}},
    {0x0fb32, 2, {0x005d2, 0x005bc}},
    {0x0fb33, 2, {0x005d3, 0x005bc}},
    {0x0fb34, 2, {0x005d4, 0x005bc}},
    {0x0fb35, 2, {0x005d5, 0x005bc}},
    {0x0fb36, 2, {0x005d6, 0x005bc}},
    {0x0fb38, 2, {0x005d8, 0x005bc}},
    {0x0fb39, 2, {0x005d9, 0x005bc}},
    {0x0fb3a, 2, {0x005da, 0x005bc}},
    {0x0fb3b, 2, {0x005db, 0x005bc}},
    {0x0fb3c, 2, {0x005dc, 0x005bc}},
    {0x0fb3e, 2, {0x005de, 0x005bc}},
    {0x0fb40, 2, {0x005e0, 0x005bc}},
    {0x0fb41, 2, {0x005e1, 0x005bc}},
    {0x0fb43, 2, {0x005e3, 0x005bc}},
    {0x0fb44, 2, {0x005e4, 0x005bc}},
    {0x0fb46, 2, {0x005e6, 0x005bc}},
    {0x0fb47, 2, {0x005e7, 0x005bc}},
    {0x0fb48, 2, {0x005e8, 0x005bc}},
    {0x0fb49, 2, {0x005e9, 0x005bc}},
    {0x0fb4a, 2, {0x005ea, 0x005bc}},
    {0x0fb4b, 2, {0x005d5, 0x005b9}},
    {0x0fb4c, 2, {0x005d1, 0x005bf}},
    {0x0fb4d, 2, {0x005db, 0x005bf}},
    {0x0fb4e, 2, {0x005e4, 0x005bf}},
    {0x1109a, 2, {0x11099, 0x110ba}},
    {0x1109c, 2, {0x1109b, 0x110ba}},
    {0x110ab, 2, {0x110a5, 0x110ba}},
    {0x1112e, 2, {0x11131, 0x11127}},
    {0x1112f, 2, {0x11132, 0x11127}},
    {0x1134b, 2, {0x11347, 0x1133e}},
    {0x1134c, 2, {0x11347, 0x11357}},
    {0x114bb, 2, {0x114b9, 0x114ba}},
    {0x114bc, 2, {0x114b9, 0x114b0}},
    {0x114be, 2, {0x114b9, 0x114bd}},
    {0x115ba, 2, {0x115b8, 0x115af}},
    {0x115bb, 2, {0x115b9, 0x115af}},
    {0x11938, 2, {0x11935, 0x11930}},
    {0x1d15e, 2, {0x1d157, 0x1d165}},
    {0x1d15f, 2, {0x1d158, 0x1d165}},
    {0x1d160, 3, {0x1d158, 0x1d165, 0x1d16e}},
    {0x1d161, 3, {0x1d158, 0x1d165, 0x1d16f}},
    {0x1d162, 3, {0x1d158, 0x1d165, 0x1d170}},
    {0x1d163, 3, {0x1d158, 0x1d165, 0x1d171}},
    {0x1d164, 3, {0x1d158, 0x1d165, 0x1d172}},
    {0x1d1bb, 2, {0x1d1b9, 0x1d165}},
    {0x1d1bc, 2, {0x1d1ba, 0x1d165}},
    {0x1d1bd, 3, {0x1d1b9, 0x1d165, 0x1d16e}},
    {0x1d1be, 3, {0x1d1ba, 0x1d165, 0x1d16e}},
    {0x1d1bf, 3, {0x1d1b9, 0x1d165, 0x1d16f}},
    {0x1d1c0, 3, {0x1d1ba, 0x1d165, 0x1d16f}},
    {0x2f800, 1, {0x04e3d}},
    {0x2f801, 1, {0x04e38}},
    {0x2f802, 1, {0x04e41}},
    {0x2f803, 1, {0x20122}},
    {0x2f804, 1, {0x04f60}},
    {0x2f805, 1, {0x04fae}},
    {0x2f806, 1, {0x04fbb}},
    {0x2f807, 1, {0x05002}},
    {0x2f808, 1, {0x0507a}},
    {0x2f809, 1, {0x05099}},
    {0x2f80a, 1, {0x050e7}},
    {0x2f80b, 1, {0x050cf}},
    {0x2f80c, 1, {0x0349e}},
    {0x2f80d, 1, {0x2063a}},
    {0x2f80e, 1, {0x0514d}},
    {0x2f80f, 1, {0x05154}},
    {0x2f810, 1, {0x05164}},
    {0x2f811, 1, {0x05177}},
    {0x2f812, 1, {0x2051c}},
    {0x2f813, 1, {0x034b9}},
    {0x2f814, 1, {0x05167}},
    {0x2f815, 1, {0x0518d}},
    {0x2f816, 1, {0x2054b}},
    {0x2f817, 1, {0x05197}},
    {0x2f818, 1, {0x051a4}},
    {0x2f819, 1, {0x04ecc}},
    {0x2f81a, 1, {0x051ac}},
    {0x2f81b, 1, {0x051b5}},
    {0x2f81c, 1, {0x291df}},
    {0x2f81d, 1, {0x051f5}},
    {0x2f81e, 1, {0x05203}},
    {0x2f81f, 1, {0x034df}},
    {0x2f820, 1, {0x0523b}},
    {0x2f821, 1, {0x05246}},
    {0x2f822, 1, {0x05272}},
    {0x2f823, 1, {0x05277}},
    {0x2f824, 1, {0x03515}},
    {0x2f825, 1, {0x052c7}},
    {0x2f826, 1, {0x052c9}},
    {0x2f827, 1, {0x052e4}},
    {0x2f828, 1, {0x052fa}},
    {0x2f829, 1, {0x05305}},
    {0x2f82a, 1, {0x05306}},
    {0x2f82b, 1, {0x05317}},
    {0x2f82c, 1, {0x05349}},
    {0x2f82d, 1, {0x05351}},
    {0x2f82e, 1, {0x0535a}},
    {0x2f82f, 1, {0x05373}},
    {0x2f830, 1, {0x0537d}},
    {0x2f831, 1, {0x0537f}},
    {0x2f832, 1, {0x0537f}},
    {0x2f833, 1, {0x0537f}},
    {0x2f834, 1, {0x20a2c}},
    {0x2f835, 1, {0x07070}},
    {0x2f836, 1, {0x053ca}},
    {0x2f837, 1, {0x053df}},
    {0x2f838, 1, {0x20b63}},
    {0x2f839, 1, {0x053eb}},
    {0x2f83a, 1, {0x053f1}},
    {0x2f83b, 1, {0x05406}},
    {0x2f83c, 1, {0x0549e}},
    {0x2f83d, 1, {0x05438}},
    {0x2f83e, 1, {0x05448}},
    {0x2f83f, 1, {0x05468}},
    {0x2f840, 1, {0x054a2}},
    {0x2f841, 1, {0x054f6}},
    {0x2f842, 1, {0x05510}},
    {0x2f843, 1, {0x05553}},
    {0x2f844, 1, {0x05563}},
    {0x2f845, 1, {0x05584}},
    {0x2f846, 1, {0x05584}},
    {0x2f847, 1, {0x05599}},
    {0x2f848, 1, {0x055ab}},
    {0x2f849, 1, {0x055b3}},
    {0x2f84a, 1, {0x055c2}},
    {0x2f84b, 1, {0x05716}},
    {0x2f84c, 1, {0x05606}},
    {0x2f84d, 1, {0x05717}},
    {0x2f84e, 1, {0x05651}},
    {0x2f84f, 1, {0x05674}},
    {0x2f850, 1, {0x05207}},
    {0x2f851, 1, {0x058ee}},
    {0x2f852, 1, {0x057ce}},
    {0x2f853, 1, {0x057f4}},
    {0x2f854, 1, {0x0580d}},
    {0x2f855, 1, {0x0578b}},
    {0x2f856, 1, {0x05832}},
    {0x2f857, 1, {0x05831}},
    {0x2f858, 1, {0x058ac}},
    {0x2f859, 1, {0x214e4}},
    {0x2f85a, 1, {0x058f2}},
    {0x2f85b, 1, {0x058f7}},
    {0x2f85c, 1, {0x05906}},
    {0x2f85d, 1, {0x0591a}},
    {0x2f85e, 1, {0x05922}},
    {0x2f85f, 1, {0x05962}},
    {0x2f860, 1, {0x216a8}},
    {0x2f861, 1, {0x216ea}},
    {0x2f862, 1, {0x059ec}},
    {0x2f863, 1, {0x05a1b}},
    {0x2f864, 1, {0x05a27}},
    {0x2f865, 1, {0x059d8}},
    {0x2f866, 1, {0x05a66}},
    {0x2f867, 1, {0x036ee}},
    {0x2f868, 1, {0x036fc}},
    {0x2f869, 1, {0x05b08}},
    {0x2f86a, 1, {0x05b3e}},
    {0x2f86b, 1, {0x05b3e}},
    {0x2f86c, 1, {0x219c8}},
    {0x2f86d, 1, {0x05bc3}},
    {0x2f86e, 1, {0x05bd8}},
    {0x2f86f, 1, {0x05be7}},
    {0x2f870, 1, {0x05bf3}},
    {0x2f871, 1, {0x21b18}},
    {0x2f872, 1, {0x05bff}},
    {0x2f873, 1, {0x05c06}},
    {0x2f874, 1, {0x05f53}},
    {0x2f875, 1, {0x05c22}},
    {0x2f876, 1, {0x03781}},
    {0x2f877, 1, {0x05c60}},
    {0x2f878, 1, {0x05c6e}},
    {0x2f879, 1, {0x05cc0}},
    {0x2f87a, 1, {0x05c8d}},
    {0x2f87b, 1, {0x21de4}},
    {0x2f87c, 1, {0x05d43}},
    {0x2f87d, 1, {0x21de6}},
    {0x2f87e, 1, {0x05d6e}},
    {0x2f87f, 1, {0x05d6b}},
    {0x2f880, 1, {0x05d7c}},
    {0x2f881, 1, {0x05de1}},
    {0x2f882, 1, {0x05de2}},
    {0x2f883, 1, {0x0382f}},
    {0x2f884, 1, {0x05dfd}},
    {0x2f885, 1, {0x05e28}},
    {0x2f886, 1, {0x05e3d}},
    {0x2f887, 1, {0x05e69}},
    {0x2f888, 1, {0x03862}},
    {0x2f889, 1, {0x22183}},
    {0x2f88a, 1, {0x0387c}},
    {0x2f88b, 1, {0x05eb0}},
    {0x2f88c, 1, {0x05eb3}},
    {0x2f88d, 1, {0x05eb6}},
    {0x2f88e, 1, {0x05eca}},
    {0x2f88f, 1, {0x2a392}},
    {0x2f890, 1, {0x05efe}},
    {0x2f891, 1, {0x22331}},
    {0x2f892, 1, {0x22331}},
    {0x2f893, 1, {0x08201}},
    {0x2f894, 1, {0x05f22}},
    {0x2f895, 1, {0x05f22}},
    {0x2f896, 1, {0x038c7}},
    {0x2f897, 1, {0x232b8}},
    {0x2f898, 1, {0x261da}},
    {0x2f899, 1, {0x05f62}},
    {0x2f89a, 1, {0x05f6b}},
    {0x2f89b, 1, {0x038e3}},
    {0x2f89c, 1, {0x05f9a}},
    {0x2f89d, 1, {0x05fcd}},
    {0x2f89e, 1, {0x05fd7}},
    {0x2f89f, 1, {0x05ff9}},
    {0x2f8a0, 1, {0x06081}},
    {0x2f8a1, 1, {0x0393a}},
    {0x2f8a2, 1, {0x0391c}},
    {0x2f8a3, 1, {0x06094}},
    {0x2f8a4, 1, {0x226d4}},
    {0x2f8a5, 1, {0x060c7}},
    {0x2f8a6, 1, {0x06148}},
    {0x2f8a7, 1, {0x0614c}},
    {0x2f8a8, 1, {0x0614e}},
    {0x2f8a9, 1, {0x0614c}},
    {0x2f8aa, 1, {0x0617a}},
    {0x2f8ab, 1, {0x0618e}},
    {0x2f8ac, 1, {0x061b2}},
    {0x2f8ad, 1, {0x061a4}},
    {0x2f8ae, 1, {0x061af}},
    {0x2f8af, 1, {0x061de}},
    {0x2f8b0, 1, {0x061f2}},
    {0x2f8b1, 1, {0x061f6}},
    {0x2f8b2, 1, {0x06210}},
    {0x2f8b3, 1, {0x0621b}},
    {0x2f8b4, 1, {0x0625d}},
    {0x2f8b5, 1, {0x062b1}},
    {0x2f8b6, 1, {0x062d4}},
    {0x2f8b7, 1, {0x06350}},
    {0x2f8b8, 1, {0x22b0c}},
    {0x2f8b9, 1, {0x0633d}},
    {0x2f8ba, 1, {0x062fc}},
    {0x2f8bb, 1, {0x06368}},
    {0x2f8bc, 1, {0x06383}},
    {0x2f8bd, 1, {0x063e4}},
    {0x2f8be, 1, {0x22bf1}},
    {0x2f8bf, 1, {0x06422}},
    {0x2f8c0, 1, {0x063c5}},
    {0x2f8c1, 1, {0x063a9}},
    {0x2f8c2, 1, {0x03a2e}},
    {0x2f8c3, 1, {0x06469}},
    {0x2f8c4, 1, {0x0647e}},
    {0x2f8c5, 1, {0x0649d}},
    {0x2f8c6, 1, {0x06477}},
    {0x2f8c7, 1, {0x03a6c}},
    {0x2f8c8, 1, {0x0654f}},
    {0x2f8c9, 1, {0x0656c}},
    {0x2f8ca, 1, {0x2300a}},
    {0x2f8cb, 1, {0x065e3}},
    {0x2f8cc, 1, {0x066f8}},
    {0x2f8cd, 1, {0x06649}},
    {0x2f8ce, 1, {0x03b19}},
    {0x2f8cf, 1, {0x06691}},
    {0x2f8d0, 1, {0x03b08}},
    {0x2f8d1, 1, {0x03ae4}},
    {0x2f8d2, 1, {0x05192}},
    {0x2f8d3, 1, {0x05195}},
    {0x2f8d4, 1, {0x06700}},
    {0x2f8d5, 1, {0x0669c}},
    {0x2f8d6, 1, {0x080ad}},
    {0x2f8d7, 1, {0x043d9}},
    {0x2f8d8, 1, {0x06717}},
    {0x2f8d9, 1, {0x0671b}},
    {0x2f8da, 1, {0x06721}},
    {0x2f8db, 1, {0x0675e}},
    {0x2f8dc, 1, {0x06753}},
    {0x2f8dd, 1, {0x233c3}},
    {0x2f8de, 1, {0x03b49}},
    {0x2f8df, 1, {0x067fa}},
    {0x2f8e0, 1, {0x06785}},
    {0x2f8e1, 1, {0x06852}},
    {0x2f8e2, 1, {0x06885}},
    {0x2f8e3, 1, {0x2346d}},
    {0x2f8e4, 1, {0x0688e}},
    {0x2f8e5, 1, {0x0681f}},
    {0x2f8e6, 1, {0x06914}},
    {0x2f8e7, 1, {0x03b9d}},
    {0x2f8e8, 1, {0x06942}},
    {0x2f8e9, 1, {0x069a3}},
    {0x2f8ea, 1, {0x069ea}},
    {0x2f8eb, 1, {0x06aa8}},
    {0x2f8ec, 1, {0x236a3}},
    {0x2f8ed, 1, {0x06adb}},
    {0x2f8ee, 1, {0x03c18}},
    {0x2f8ef, 1, {0x06b21}},
    {0x2f8f0, 1, {0x238a7}},
    {0x2f8f1, 1, {0x06b54}},
    {0x2f8f2, 1, {0x03c4e}},
    {0x2f8f3, 1, {0x06b72}},
    {0x2f8f4, 1, {0x06b9f}},
    {0x2f8f5, 1, {0x06bba}},
    {0x2f8f6, 1, {0x06bbb}},
    {0x2f8f7, 1, {0x23a8d}},
    {0x2f8f8, 1, {0x21d0b}},
    {0x2f8f9, 1, {0x23afa}},
    {0x2f8fa, 1, {0x06c4e}},
    {0x2f8fb, 1, {0x23cbc}},
    {0x2f8fc, 1, {0x06cbf}},
    {0x2f8fd, 1, {0x06ccd}},
    {0x2f8fe, 1, {0x06c67}},
    {0x2f8ff, 1, {0x06d16}},
    {0x2f900, 1, {0x06d3e}},
    {0x2f901, 1, {0x06d77}},
    {0x2f902, 1, {0x06d41}},
    {0x2f903, 1, {0x06d69}},
    {0x2f904, 1, {0x06d78}},
    {0x2f905, 1, {0x06d85}},
    {0x2f906, 1, {0x23d1e}},
    {0x2f907, 1, {0x06d34}},
    {0x2f908, 1, {0x06e2f}},
    {0x2f909, 1, {0x06e6e}},
    {0x2f90a, 1, {0x03d33}},
    {0x2f90b, 1, {0x06ecb}},
    {0x2f90c, 1, {0x06ec7}},
    {0x2f90d, 1, {0x23ed1}},
    {0x2f90e, 1, {0x06df9}},
    {0x2f90f, 1, {0x06f6e}},
    {0x2f910, 1, {0x23f5e}},
    {0x2f911, 1, {0x23f8e}},
    {0x2f912, 1, {0x06fc6}},
    {0x2f913, 1, {0x07039}},
    {0x2f914, 1, {0x0701e}},
    {0x2f915, 1, {0x0701b}},
    {0x2f916, 1, {0x03d96}},
    {0x2f917, 1, {0x0704a}},
    {0x2f918, 1, {0x0707d}},
    {0x2f919, 1, {0x07077}},
    {0x2f91a, 1, {0x070ad}},
    {0x2f91b, 1, {0x20525}},
    {0x2f91c, 1, {0x07145}},
    {0x2f91d, 1, {0x24263}},
    {0x2f91e, 1, {0x0719c}},
    {0x2f91f, 1, {0x243ab}},
    {0x2f920, 1, {0x07228}},
    {0x2f921, 1, {0x07235}},
    {0x2f922, 1, {0x07250}},
    {0x2f923, 1, {0x24608}},
    {0x2f924, 1, {0x07280}},
    {0x2f925, 1, {0x07295}},
    {0x2f926, 1, {0x24735}},
    {0x2f927, 1, {0x24814}},
    {0x2f928, 1, {0x0737a}},
    {0x2f929, 1, {0x0738b}},
    {0x2f92a, 1, {0x03eac}},
    {0x2f92b, 1, {0x073a5}},
    {0x2f92c, 1, {0x03eb8}},
    {0x2f92d, 1, {0x03eb8}},
    {0x2f92e, 1, {0x07447}},
    {0x2f92f, 1, {0x0745c}},
    {0x2f930, 1, {0x07471}},
    {0x2f931, 1, {0x07485}},
    {0x2f932, 1, {0x074ca}},
    {0x2f933, 1, {0x03f1b}},
    {0x2f934, 1, {0x07524}},
    {0x2f935, 1, {0x24c36}},
    {0x2f936, 1, {0x0753e}},
    {0x2f937, 1, {0x24c92}},
    {0x2f938, 1, {0x07570}},
    {0x2f939, 1, {0x2219f}},
    {0x2f93a, 1, {0x07610}},
    {0x2f93b, 1, {0x24fa1}},
    {0x2f93c, 1, {0x24fb8}},
    {0x2f93d, 1, {0x25044}},
    {0x2f93e, 1, {0x03ffc}},
    {0x2f93f, 1, {0x04008}},
    {0x2f940, 1, {0x076f4}},
    {0x2f941, 1, {0x250f3}},
    {0x2f942, 1, {0x250f2}},
    {0x2f943, 1, {0x25119}},
    {0x2f944, 1, {0x25133}},
    {0x2f945, 1, {0x0771e}},
    {0x2f946, 1, {0x0771f}},
    {0x2f947, 1, {0x0771f}},
    {0x2f948, 1, {0x0774a}},
    {0x2f949, 1, {0x04039}},
    {0x2f94a, 1, {0x0778b}},
    {0x2f94b, 1, {0x04046}},
    {0x2f94c, 1, {0x04096}},
    {0x2f94d, 1, {0x2541d}},
    {0x2f94e, 1, {0x0784e}},
    {0x2f94f, 1, {0x0788c}},
    {0x2f950, 1, {0x078cc}},
    {0x2f951, 1, {0x040e3}},
    {0x2f952, 1, {0x25626}},
    {0x2f953, 1, {0x07956}},
    {0x2f954, 1, {0x2569a}},
    {0x2f955, 1, {0x256c5}},
    {0x2f956, 1, {0x0798f}},
    {0x2f957, 1, {0x079eb}},
    {0x2f958, 1, {0x0412f}},
    {0x2f959, 1, {0x07a40}},
    {0x2f95a, 1, {0x07a4a}},
    {0x2f95b, 1, {0x07a4f}},
    {0x2f95c, 1, {0x2597c}},
    {0x2f95d, 1, {0x25aa7}},
    {0x2f95e, 1, {0x25aa7}},
    {0x2f95f, 1, {0x07aee}},
    {0x2f960, 1, {0x04202}},
    {0x2f961, 1, {0x25bab}},
    {0x2f962, 1, {0x07bc6}},
    {0x2f963, 1, {0x07bc9}},
    {0x2f964, 1, {0x04227}},
    {0x2f965, 1, {0x25c80}},
    {0x2f966, 1, {0x07cd2}},
    {0x2f967, 1, {0x042a0}},
    {0x2f968, 1, {0x07ce8}},
    {0x2f969, 1, {0x07ce3}},
    {0x2f96a, 1, {0x07d00}},
    {0x2f96b, 1, {0x25f86}},
    {0x2f96c, 1, {0x07d63}},
    {0x2f96d, 1, {0x04301}},
    {0x2f96e, 1, {0x07dc7}},
    {0x2f96f, 1, {0x07e02}},
    {0x2f970, 1, {0x07e45}},
    {0x2f971, 1, {0x04334}},
    {0x2f972, 1, {0x26228}},
    {0x2f973, 1, {0x26247}},
    {0x2f974, 1, {0x04359}},
    {0x2f975, 1, {0x262d9}},
    {0x2f976, 1, {0x07f7a}},
    {0x2f977, 1, {0x2633e}},
    {0x2f978, 1, {0x07f95}},
    {0x2f979, 1, {0x07ffa}},
    {0x2f97a, 1, {0x08005}},
    {0x2f97b, 1, {0x264da}},
    {0x2f97c, 1, {0x26523}},
    {0x2f97d, 1, {0x08060}},
    {0x2f97e, 1, {0x265a8}},
    {0x2f97f, 1, {0x08070}},
    {0x2f980, 1, {0x2335f}},
    {0x2f981, 1, {0x043d5}},
    {0x2f982, 1, {0x080b2}},
    {0x2f983, 1, {0x08103}},
    {0x2f984, 1, {0x0440b}},
    {0x2f985, 1, {0x0813e}},
    {0x2f986, 1, {0x05ab5}},
    {0x2f987, 1, {0x267a7}},
    {0x2f988, 1, {0x267b5}},
    {0x2f989, 1, {0x23393}},
    {0x2f98a, 1, {0x2339c}},
    {0x2f98b, 1, {0x08201}},
    {0x2f98c, 1, {0x08204}},
    {0x2f98d, 1, {0x08f9e}},
    {0x2f98e, 1, {0x0446b}},
    {0x2f98f, 1, {0x08291}},
    {0x2f990, 1, {0x0828b}},
    {0x2f991, 1, {0x0829d}},
    {0x2f992, 1, {0x052b3}},
    {0x2f993, 1, {0x082b1}},
    {0x2f994, 1, {0x082b3}},
    {0x2f995, 1, {0x082bd}},
    {0x2f996, 1, {0x082e6}},
    {0x2f997, 1, {0x26b3c}},
    {0x2f998, 1, {0x082e5}},
    {0x2f999, 1, {0x0831d}},
    {0x2f99a, 1, {0x08363}},
    {0x2f99b, 1, {0x083ad}},
    {0x2f99c, 1, {0x08323}},
    {0x2f99d, 1, {0x083bd}},
    {0x2f99e, 1, {0x083e7}},
    {0x2f99f, 1, {0x08457}},
    {0x2f9a0, 1, {0x08353}},
    {0x2f9a1, 1, {0x083ca}},
    {0x2f9a2, 1, {0x083cc}},
    {0x2f9a3, 1, {0x083dc}},
    {0x2f9a4, 1, {0x26c36}},
    {0x2f9a5, 1, {0x26d6b}},
    {0x2f9a6, 1, {0x26cd5}},
    {0x2f9a7, 1, {0x0452b}},
    {0x2f9a8, 1, {0x084f1}},
    {0x2f9a9, 1, {0x084f3}},
    {0x2f9aa, 1, {0x08516}},
    {0x2f9ab, 1, {0x273ca}},
    {0x2f9ac, 1, {0x08564}},
    {0x2f9ad, 1, {0x26f2c}},
    {0x2f9ae, 1, {0x0455d}},
    {0x2f9af, 1, {0x04561}},
    {0x2f9b0, 1, {0x26fb1}},
    {0x2f9b1, 1, {0x270d2}},
    {0x2f9b2, 1, {0x0456b}},
    {0x2f9b3, 1, {0x08650}},
    {0x2f9b4, 1, {0x0865c}},
    {0x2f9b5, 1, {0x08667}},
    {0x2f9b6, 1, {0x08669}},
    {0x2f9b7, 1, {0x086a9}},
    {0x2f9b8, 1, {0x08688}},
    {0x2f9b9, 1, {0x0870e}},
    {0x2f9ba, 1, {0x086e2}},
    {0x2f9bb, 1, {0x08779}},
    {0x2f9bc, 1, {0x08728}},
    {0x2f9bd, 1, {0x0876b}},
    {0x2f9be, 1, {0x08786}},
    {0x2f9bf, 1, {0x045d7}},
    {0x2f9c0, 1, {0x087e1}},
    {0x2f9c1, 1, {0x08801}},
    {0x2f9c2, 1, {0x045f9}},
    {0x2f9c3, 1, {0x08860}},
    {0x2f9c4, 1, {0x08863}},
    {0x2f9c5, 1, {0x27667}},
    {0x2f9c6, 1, {0x088d7}},
    {0x2f9c7, 1, {0x088de}},
    {0x2f9c8, 1, {0x04635}},
    {0x2f9c9, 1, {0x088fa}},
    {0x2f9ca, 1, {0x034bb}},
    {0x2f9cb, 1, {0x278ae}},
    {0x2f9cc, 1, {0x27966}},
    {0x2f9cd, 1, {0x046be}},
    {0x2f9ce, 1, {0x046c7}},
    {0x2f9cf, 1, {0x08aa0}},
    {0x2f9d0, 1, {0x08aed}},
    {0x2f9d1, 1, {0x08b8a}},
    {0x2f9d2, 1, {0x08c55}},
    {0x2f9d3, 1, {0x27ca8}},
    {0x2f9d4, 1, {0x08cab}},
    {0x2f9d5, 1, {0x08cc1}},
    {0x2f9d6, 1, {0x08d1b}},
    {0x2f9d7, 1, {0x08d77}},
    {0x2f9d8, 1, {0x27f2f}},
    {0x2f9d9, 1, {0x20804}},
    {0x2f9da, 1, {0x08dcb}},
    {0x2f9db, 1, {0x08dbc}},
    {0x2f9dc, 1, {0x08df0}},
    {0x2f9dd, 1, {0x208de}},
    {0x2f9de, 1, {0x08ed4}},
    {0x2f9df, 1, {0x08f38}},
    {0x2f9e0, 1, {0x285d2}},
    {0x2f9e1, 1, {0x285ed}},
    {0x2f9e2, 1, {0x09094}},
    {0x2f9e3, 1, {0x090f1}},
    {0x2f9e4, 1, {0x09111}},
    {0x2f9e5, 1, {0x2872e}},
    {0x2f9e6, 1, {0x0911b}},
    {0x2f9e7, 1, {0x09238}},
    {0x2f9e8, 1, {0x092d7}},
    {0x2f9e9, 1, {0x092d8}},
    {0x2f9ea, 1, {0x0927c}},
    {0x2f9eb, 1, {0x093f9}},
    {0x2f9ec, 1, {0x09415}},
    {0x2f9ed, 1, {0x28bfa}},
    {0x2f9ee, 1, {0x0958b}},
    {0x2f9ef, 1, {0x04995}},
    {0x2f9f0, 1, {0x095b7}},
    {0x2f9f1, 1, {0x28d77}},
    {0x2f9f2, 1, {0x049e6}},
    {0x2f9f3, 1, {0x096c3}},
    {0x2f9f4, 1, {0x05db2}},
    {0x2f9f5, 1, {0x09723}},
    {0x2f9f6, 1, {0x29145}},
    {0x2f9f7, 1, {0x2921a}},
    {0x2f9f8, 1, {0x04a6e}},
    {0x2f9f9, 1, {0x04a76}},
    {0x2f9fa, 1, {0x097e0}},
    {0x2f9fb, 1, {0x2940a}},
    {0x2f9fc, 1, {0x04ab2}},
    {0x2f9fd, 1, {0x29496}},
    {0x2f9fe, 1, {0x0980b}},
    {0x2f9ff, 1, {0x0980b}},
    {0x2fa00, 1, {0x09829}},
    {0x2fa01, 1, {0x295b6}},
    {0x2fa02, 1, {0x098e2}},
    {0x2fa03, 1, {0x04b33}},
    {0x2fa04, 1, {0x09929}},
    {0x2fa05, 1, {0x099a7}},
    {0x2fa06, 1, {0x099c2}},
    {0x2fa07, 1, {0x099fe}},
    {0x2fa08, 1, {0x04bce}},
    {0x2fa09, 1, {0x29b30}},
    {0x2fa0a, 1, {0x09b12}},
    {0x2fa0b, 1, {0x09c40}},
    {0x2fa0c, 1, {0x09cfd}},
    {0x2fa0d, 1, {0x04cce}},
    {0x2fa0e, 1, {0x04ced}},
    {0x2fa0f, 1, {0x09d67}},
    {0x2fa10, 1, {0x2a0ce}},
    {0x2fa11, 1, {0x04cf8}},
    {0x2fa12, 1, {0x2a105}},
    {0x2fa13, 1, {0x2a20e}},
    {0x2fa14, 1, {0x2a291}},
    {0x2fa15, 1, {0x09ebb}},
    {0x2fa16, 1, {0x04d56}},
    {0x2fa17, 1, {0x09ef9}},
    {0x2fa18, 1, {0x09efe}},
    {0x2fa19, 1, {0x09f05}},
    {0x2fa1a, 1, {0x09f0f}},
    {0x2fa1b, 1, {0x09f16}},
    {0x2fa1c, 1, {0x09f3b}},
    {0x2fa1d, 1, {0x2a600}},
};

typedef struct { uint32_t lo, hi; uint8_t ccc; } nfc_ccc_range;
static const nfc_ccc_range nfc_cccs[388] = {
    {0x00300, 0x00314, 230}, {0x00315, 0x00315, 232}, {0x00316, 0x00319, 220}, {0x0031a, 0x0031a, 232},
    {0x0031b, 0x0031b, 216}, {0x0031c, 0x00320, 220}, {0x00321, 0x00322, 202}, {0x00323, 0x00326, 220},
    {0x00327, 0x00328, 202}, {0x00329, 0x00333, 220}, {0x00334, 0x00338, 1}, {0x00339, 0x0033c, 220},
    {0x0033d, 0x00344, 230}, {0x00345, 0x00345, 240}, {0x00346, 0x00346, 230}, {0x00347, 0x00349, 220},
    {0x0034a, 0x0034c, 230}, {0x0034d, 0x0034e, 220}, {0x00350, 0x00352, 230}, {0x00353, 0x00356, 220},
    {0x00357, 0x00357, 230}, {0x00358, 0x00358, 232}, {0x00359, 0x0035a, 220}, {0x0035b, 0x0035b, 230},
    {0x0035c, 0x0035c, 233}, {0x0035d, 0x0035e, 234}, {0x0035f, 0x0035f, 233}, {0x00360, 0x00361, 234},
    {0x00362, 0x00362, 233}, {0x00363, 0x0036f, 230}, {0x00483, 0x00487, 230}, {0x00591, 0x00591, 220},
    {0x00592, 0x00595, 230}, {0x00596, 0x00596, 220}, {0x00597, 0x00599, 230}, {0x0059a, 0x0059a, 222},
    {0x0059b, 0x0059b, 220}, {0x0059c, 0x005a1, 230}, {0x005a2, 0x005a7, 220}, {0x005a8, 0x005a9, 230},
    {0x005aa, 0x005aa, 220}, {0x005ab, 0x005ac, 230}, {0x005ad, 0x005ad, 222}, {0x005ae, 0x005ae, 228},
    {0x005af, 0x005af, 230}, {0x005b0, 0x005b0, 10}, {0x005b1, 0x005b1, 11}, {0x005b2, 0x005b2, 12},
    {0x005b3, 0x005b3, 13}, {0x005b4, 0x005b4, 14}, {0x005b5, 0x005b5, 15}, {0x005b6, 0x005b6, 16},
    {0x005b7, 0x005b7, 17}, {0x005b8, 0x005b8, 18}, {0x005b9, 0x005ba, 19}, {0x005bb, 0x005bb, 20},
    {0x005bc, 0x005bc, 21}, {0x005bd, 0x005bd, 22}, {0x005bf, 0x005bf, 23}, {0x005c1, 0x005c1, 24},
    {0x005c2, 0x005c2, 25}, {0x005c4, 0x005c4, 230}, {0x005c5, 0x005c5, 220}, {0x005c7, 0x005c7, 18},
    {0x00610, 0x00617, 230}, {0x00618, 0x00618, 30}, {0x00619, 0x00619, 31}, {0x0061a, 0x0061a, 32},
    {0x0064b, 0x0064b, 27}, {0x0064c, 0x0064c, 28}, {0x0064d, 0x0064d, 29}, {0x0064e, 0x0064e, 30},
    {0x0064f, 0x0064f, 31}, {0x00650, 0x00650, 32}, {0x00651, 0x00651, 33}, {0x00652, 0x00652, 34},
    {0x00653, 0x00654, 230}, {0x00655, 0x00656, 220}, {0x00657, 0x0065b, 230}, {0x0065c, 0x0065c, 220},
    {0x0065d, 0x0065e, 230}, {0x0065f, 0x0065f, 220}, {0x00670, 0x00670, 35}, {0x006d6, 0x006dc, 230},
    {0x006df, 0x006e2, 230}, {0x006e3, 0x006e3, 220}, {0x006e4, 0x006e4, 230}, {0x006e7, 0x006e8, 230},
    {0x006ea, 0x006ea, 220}, {0x006eb, 0x006ec, 230}, {0x006ed, 0x006ed, 220}, {0x00711, 0x00711, 36},
    {0x00730, 0x00730, 230}, {0x00731, 0x00731, 220}, {0x00732, 0x00733, 230}, {0x00734, 0x00734, 220},
    {0x00735, 0x00736, 230}, {0x00737, 0x00739, 220}, {0x0073a, 0x0073a, 230}, {0x0073b, 0x0073c, 220},
    {0x0073d, 0x0073d, 230}, {0x0073e, 0x0073e, 220}, {0x0073f, 0x00741, 230}, {0x00742, 0x00742, 220},
    {0x00743, 0x00743, 230}, {0x00744, 0x00744, 220}, {0x00745, 0x00745, 230}, {0x00746, 0x00746, 220},
    {0x00747, 0x00747, 230}, {0x00748, 0x00748, 220}, {0x00749, 0x0074a, 230}, {0x007eb, 0x007f1, 230},
    {0x007f2, 0x007f2, 220}, {0x007f3, 0x007f3, 230}, {0x007fd, 0x007fd, 220}, {0x00816, 0x00819, 230},
    {0x0081b, 0x00823, 230}, {0x00825, 0x00827, 230}, {0x00829, 0x0082d, 230}, {0x00859, 0x0085b, 220},
    {0x00898, 0x00898, 230}, {0x00899, 0x0089b, 220}, {0x0089c, 0x0089f, 230}, {0x008ca, 0x008ce, 230},
    {0x008cf, 0x008d3, 220}, {0x008d4, 0x008e1, 230}, {0x008e3, 0x008e3, 220}, {0x008e4, 0x008e5, 230},
    {0x008e6, 0x008e6, 220}, {0x008e7, 0x008e8, 230}, {0x008e9, 0x008e9, 220}, {0x008ea, 0x008ec, 230},
    {0x008ed, 0x008ef, 220}, {0x008f0, 0x008f0, 27}, {0x008f1, 0x008f1, 28}, {0x008f2, 0x008f2, 29},
    {0x008f3, 0x008f5, 230}, {0x008f6, 0x008f6, 220}, {0x008f7, 0x008f8, 230}, {0x008f9, 0x008fa, 220},
    {0x008fb, 0x008ff, 230}, {0x0093c, 0x0093c, 7}, {0x0094d, 0x0094d, 9}, {0x00951, 0x00951, 230},
    {0x00952, 0x00952, 220}, {0x00953, 0x00954, 230}, {0x009bc, 0x009bc, 7}, {0x009cd, 0x009cd, 9},
    {0x009fe, 0x009fe, 230}, {0x00a3c, 0x00a3c, 7}, {0x00a4d, 0x00a4d, 9}, {0x00abc, 0x00abc, 7},
    {0x00acd, 0x00acd, 9}, {0x00b3c, 0x00b3c, 7}, {0x00b4d, 0x00b4d, 9}, {0x00bcd, 0x00bcd, 9},
    {0x00c3c, 0x00c3c, 7}, {0x00c4d, 0x00c4d, 9}, {0x00c55, 0x00c55, 84}, {0x00c56, 0x00c56, 91},
    {0x00cbc, 0x00cbc, 7}, {0x00ccd, 0x00ccd, 9}, {0x00d3b, 0x00d3c, 9}, {0x00d4d, 0x00d4d, 9},
    {0x00dca, 0x00dca, 9}, {0x00e38, 0x00e39, 103}, {0x00e3a, 0x00e3a, 9}, {0x00e48, 0x00e4b, 107},
    {0x00eb8, 0x00eb9, 118}, {0x00eba, 0x00eba, 9}, {0x00ec8, 0x00ecb, 122}, {0x00f18, 0x00f19, 220},
    {0x00f35, 0x00f35, 220}, {0x00f37, 0x00f37, 220}, {0x00f39, 0x00f39, 216}, {0x00f71, 0x00f71, 129},
    {0x00f72, 0x00f72, 130}, {0x00f74, 0x00f74, 132}, {0x00f7a, 0x00f7d, 130}, {0x00f80, 0x00f80, 130},
    {0x00f82, 0x00f83, 230}, {0x00f84, 0x00f84, 9}, {0x00f86, 0x00f87, 230}, {0x00fc6, 0x00fc6, 220},
    {0x01037, 0x01037, 7}, {0x01039, 0x0103a, 9}, {0x0108d, 0x0108d, 220}, {0x0135d, 0x0135f, 230},
    {0x01714, 0x01715, 9}, {0x01734, 0x01734, 9}, {0x017d2, 0x017d2, 9}, {0x017dd, 0x017dd, 230},
    {0x018a9, 0x018a9, 228}, {0x01939, 0x01939, 222}, {0x0193a, 0x0193a, 230}, {0x0193b, 0x0193b, 220},
    {0x01a17, 0x01a17, 230}, {0x01a18, 0x01a18, 220}, {0x01a60, 0x01a60, 9}, {0x01a75, 0x01a7c, 230},
    {0x01a7f, 0x01a7f, 220}, {0x01ab0, 0x01ab4, 230}, {0x01ab5, 0x01aba, 220}, {0x01abb, 0x01abc, 230},
    {0x01abd, 0x01abd, 220}, {0x01abf, 0x01ac0, 220}, {0x01ac1, 0x01ac2, 230}, {0x01ac3, 0x01ac4, 220},
    {0x01ac5, 0x01ac9, 230}, {0x01aca, 0x01aca, 220}, {0x01acb, 0x01ace, 230}, {0x01b34, 0x01b34, 7},
    {0x01b44, 0x01b44, 9}, {0x01b6b, 0x01b6b, 230}, {0x01b6c, 0x01b6c, 220}, {0x01b6d, 0x01b73, 230},
    {0x01baa, 0x01bab, 9}, {0x01be6, 0x01be6, 7}, {0x01bf2, 0x01bf3, 9}, {0x01c37, 0x01c37, 7},
    {0x01cd0, 0x01cd2, 230}, {0x01cd4, 0x01cd4, 1}, {0x01cd5, 0x01cd9, 220}, {0x01cda, 0x01cdb, 230},
    {0x01cdc, 0x01cdf, 220}, {0x01ce0, 0x01ce0, 230}, {0x01ce2, 0x01ce8, 1}, {0x01ced, 0x01ced, 220},
    {0x01cf4, 0x01cf4, 230}, {0x01cf8, 0x01cf9, 230}, {0x01dc0, 0x01dc1, 230}, {0x01dc2, 0x01dc2, 220},
    {0x01dc3, 0x01dc9, 230}, {0x01dca, 0x01dca, 220}, {0x01dcb, 0x01dcc, 230}, {0x01dcd, 0x01dcd, 234},
    {0x01dce, 0x01dce, 214}, {0x01dcf, 0x01dcf, 220}, {0x01dd0, 0x01dd0, 202}, {0x01dd1, 0x01df5, 230},
    {0x01df6, 0x01df6, 232}, {0x01df7, 0x01df8, 228}, {0x01df9, 0x01df9, 220}, {0x01dfa, 0x01dfa, 218},
    {0x01dfb, 0x01dfb, 230}, {0x01dfc, 0x01dfc, 233}, {0x01dfd, 0x01dfd, 220}, {0x01dfe, 0x01dfe, 230},
    {0x01dff, 0x01dff, 220}, {0x020d0, 0x020d1, 230}, {0x020d2, 0x020d3, 1}, {0x020d4, 0x020d7, 230},
    {0x020d8, 0x020da, 1}, {0x020db, 0x020dc, 230}, {0x020e1, 0x020e1, 230}, {0x020e5, 0x020e6, 1},
    {0x020e7, 0x020e7, 230}, {0x020e8, 0x020e8, 220}, {0x020e9, 0x020e9, 230}, {0x020ea, 0x020eb, 1},
    {0x020ec, 0x020ef, 220}, {0x020f0, 0x020f0, 230}, {0x02cef, 0x02cf1, 230}, {0x02d7f, 0x02d7f, 9},
    {0x02de0, 0x02dff, 230}, {0x0302a, 0x0302a, 218}, {0x0302b, 0x0302b, 228}, {0x0302c, 0x0302c, 232},
    {0x0302d, 0x0302d, 222}, {0x0302e, 0x0302f, 224}, {0x03099, 0x0309a, 8}, {0x0a66f, 0x0a66f, 230},
    {0x0a674, 0x0a67d, 230}, {0x0a69e, 0x0a69f, 230}, {0x0a6f0, 0x0a6f1, 230}, {0x0a806, 0x0a806, 9},
    {0x0a82c, 0x0a82c, 9}, {0x0a8c4, 0x0a8c4, 9}, {0x0a8e0, 0x0a8f1, 230}, {0x0a92b, 0x0a92d, 220},
    {0x0a953, 0x0a953, 9}, {0x0a9b3, 0x0a9b3, 7}, {0x0a9c0, 0x0a9c0, 9}, {0x0aab0, 0x0aab0, 230},
    {0x0aab2, 0x0aab3, 230}, {0x0aab4, 0x0aab4, 220}, {0x0aab7, 0x0aab8, 230}, {0x0aabe, 0x0aabf, 230},
    {0x0aac1, 0x0aac1, 230}, {0x0aaf6, 0x0aaf6, 9}, {0x0abed, 0x0abed, 9}, {0x0fb1e, 0x0fb1e, 26},
    {0x0fe20, 0x0fe26, 230}, {0x0fe27, 0x0fe2d, 220}, {0x0fe2e, 0x0fe2f, 230}, {0x101fd, 0x101fd, 220},
    {0x102e0, 0x102e0, 220}, {0x10376, 0x1037a, 230}, {0x10a0d, 0x10a0d, 220}, {0x10a0f, 0x10a0f, 230},
    {0x10a38, 0x10a38, 230}, {0x10a39, 0x10a39, 1}, {0x10a3a, 0x10a3a, 220}, {0x10a3f, 0x10a3f, 9},
    {0x10ae5, 0x10ae5, 230}, {0x10ae6, 0x10ae6, 220}, {0x10d24, 0x10d27, 230}, {0x10eab, 0x10eac, 230},
    {0x10efd, 0x10eff, 220}, {0x10f46, 0x10f47, 220}, {0x10f48, 0x10f4a, 230}, {0x10f4b, 0x10f4b, 220},
    {0x10f4c, 0x10f4c, 230}, {0x10f4d, 0x10f50, 220}, {0x10f82, 0x10f82, 230}, {0x10f83, 0x10f83, 220},
    {0x10f84, 0x10f84, 230}, {0x10f85, 0x10f85, 220}, {0x11046, 0x11046, 9}, {0x11070, 0x11070, 9},
    {0x1107f, 0x1107f, 9}, {0x110b9, 0x110b9, 9}, {0x110ba, 0x110ba, 7}, {0x11100, 0x11102, 230},
    {0x11133, 0x11134, 9}, {0x11173, 0x11173, 7}, {0x111c0, 0x111c0, 9}, {0x111ca, 0x111ca, 7},
    {0x11235, 0x11235, 9}, {0x11236, 0x11236, 7}, {0x112e9, 0x112e9, 7}, {0x112ea, 0x112ea, 9},
    {0x1133b, 0x1133c, 7}, {0x1134d, 0x1134d, 9}, {0x11366, 0x1136c, 230}, {0x11370, 0x11374, 230},
    {0x11442, 0x11442, 9}, {0x11446, 0x11446, 7}, {0x1145e, 0x1145e, 230}, {0x114c2, 0x114c2, 9},
    {0x114c3, 0x114c3, 7}, {0x115bf, 0x115bf, 9}, {0x115c0, 0x115c0, 7}, {0x1163f, 0x1163f, 9},
    {0x116b6, 0x116b6, 9}, {0x116b7, 0x116b7, 7}, {0x1172b, 0x1172b, 9}, {0x11839, 0x11839, 9},
    {0x1183a, 0x1183a, 7}, {0x1193d, 0x1193e, 9}, {0x11943, 0x11943, 7}, {0x119e0, 0x119e0, 9},
    {0x11a34, 0x11a34, 9}, {0x11a47, 0x11a47, 9}, {0x11a99, 0x11a99, 9}, {0x11c3f, 0x11c3f, 9},
    {0x11d42, 0x11d42, 7}, {0x11d44, 0x11d45, 9}, {0x11d97, 0x11d97, 9}, {0x11f41, 0x11f42, 9},
    {0x16af0, 0x16af4, 1}, {0x16b30, 0x16b36, 230}, {0x16ff0, 0x16ff1, 6}, {0x1bc9e, 0x1bc9e, 1},
    {0x1d165, 0x1d166, 216}, {0x1d167, 0x1d169, 1}, {0x1d16d, 0x1d16d, 226}, {0x1d16e, 0x1d172, 216},
    {0x1d17b, 0x1d182, 220}, {0x1d185, 0x1d189, 230}, {0x1d18a, 0x1d18b, 220}, {0x1d1aa, 0x1d1ad, 230},
    {0x1d242, 0x1d244, 230}, {0x1e000, 0x1e006, 230}, {0x1e008, 0x1e018, 230}, {0x1e01b, 0x1e021, 230},
    {0x1e023, 0x1e024, 230}, {0x1e026, 0x1e02a, 230}, {0x1e08f, 0x1e08f, 230}, {0x1e130, 0x1e136, 230},
    {0x1e2ae, 0x1e2ae, 230}, {0x1e2ec, 0x1e2ef, 230}, {0x1e4ec, 0x1e4ed, 232}, {0x1e4ee, 0x1e4ee, 220},
    {0x1e4ef, 0x1e4ef, 230}, {0x1e8d0, 0x1e8d6, 220}, {0x1e944, 0x1e949, 230}, {0x1e94a, 0x1e94a, 7},
};

static const nfc_pair nfc_pairs[941] = {
    {0x0003c, 0x00338, 0x0226e}, {0x0003d, 0x00338, 0x02260}, {0x0003e, 0x00338, 0x0226f},
    {0x00041, 0x00300, 0x000c0}, {0x00041, 0x00301, 0x000c1}, {0x00041, 0x00302, 0x000c2},
    {0x00041, 0x00303, 0x000c3}, {0x00041, 0x00304, 0x00100}, {0x00041, 0x00306, 0x00102},
    {0x00041, 0x00307, 0x00226}, {0x00041, 0x00308, 0x000c4}, {0x00041, 0x00309, 0x01ea2},
    {0x00041, 0x0030a, 0x000c5}, {0x00041, 0x0030c, 0x001cd}, {0x00041, 0x0030f, 0x00200},
    {0x00041, 0x00311, 0x00202}, {0x00041, 0x00323, 0x01ea0}, {0x00041, 0x00325, 0x01e00},
    {0x00041, 0x00328, 0x00104}, {0x00042, 0x00307, 0x01e02}, {0x00042, 0x00323, 0x01e04},
    {0x00042, 0x00331, 0x01e06}, {0x00043, 0x00301, 0x00106}, {0x00043, 0x00302, 0x00108},
    {0x00043, 0x00307, 0x0010a}, {0x00043, 0x0030c, 0x0010c}, {0x00043, 0x00327, 0x000c7},
    {0x00044, 0x00307, 0x01e0a}, {0x00044, 0x0030c, 0x0010e}, {0x00044, 0x00323, 0x01e0c},
    {0x00044, 0x00327, 0x01e10}, {0x00044, 0x0032d, 0x01e12}, {0x00044, 0x00331, 0x01e0e},
    {0x00045, 0x00300, 0x000c8}, {0x00045, 0x00301, 0x000c9}, {0x00045, 0x00302, 0x000ca},
    {0x00045, 0x00303, 0x01ebc}, {0x00045, 0x00304, 0x00112}, {0x00045, 0x00306, 0x00114},
    {0x00045, 0x00307, 0x00116}, {0x00045, 0x00308, 0x000cb}, {0x00045, 0x00309, 0x01eba},
    {0x00045, 0x0030c, 0x0011a}, {0x00045, 0x0030f, 0x00204}, {0x00045, 0x00311, 0x00206},
    {0x00045, 0x00323, 0x01eb8}, {0x00045, 0x00327, 0x00228}, {0x00045, 0x00328, 0x00118},
    {0x00045, 0x0032d, 0x01e18}, {0x00045, 0x00330, 0x01e1a}, {0x00046, 0x00307, 0x01e1e},
    {0x00047, 0x00301, 0x001f4}, {0x00047, 0x00302, 0x0011c}, {0x00047, 0x00304, 0x01e20},
    {0x00047, 0x00306, 0x0011e}, {0x00047, 0x00307, 0x00120}, {0x00047, 0x0030c, 0x001e6},
    {0x00047, 0x00327, 0x00122}, {0x00048, 0x00302, 0x00124}, {0x00048, 0x00307, 0x01e22},
    {0x00048, 0x00308, 0x01e26}, {0x00048, 0x0030c, 0x0021e}, {0x00048, 0x00323, 0x01e24},
    {0x00048, 0x00327, 0x01e28}, {0x00048, 0x0032e, 0x01e2a}, {0x00049, 0x00300, 0x000cc},
    {0x00049, 0x00301, 0x000cd}, {0x00049, 0x00302, 0x000ce}, {0x00049, 0x00303, 0x00128},
    {0x00049, 0x00304, 0x0012a}, {0x00049, 0x00306, 0x0012c}, {0x00049, 0x00307, 0x00130},
    {0x00049, 0x00308, 0x000cf}, {0x00049, 0x00309, 0x01ec8}, {0x00049, 0x0030c, 0x001cf},
    {0x00049, 0x0030f, 0x00208}, {0x00049, 0x00311, 0x0020a}, {0x00049, 0x00323, 0x01eca},
    {0x00049, 0x00328, 0x0012e}, {0x00049, 0x00330, 0x01e2c}, {0x0004a, 0x00302, 0x00134},
    {0x0004b, 0x00301, 0x01e30}, {0x0004b, 0x0030c, 0x001e8}, {0x0004b, 0x00323, 0x01e32},
    {0x0004b, 0x00327, 0x00136}, {0x0004b, 0x00331, 0x01e34}, {0x0004c, 0x00301, 0x00139},
    {0x0004c, 0x0030c, 0x0013d}, {0x0004c, 0x00323, 0x01e36}, {0x0004c, 0x00327, 0x0013b},
    {0x0004c, 0x0032d, 0x01e3c}, {0x0004c, 0x00331, 0x01e3a}, {0x0004d, 0x00301, 0x01e3e},
    {0x0004d, 0x00307, 0x01e40}, {0x0004d, 0x00323, 0x01e42}, {0x0004e, 0x00300, 0x001f8},
    {0x0004e, 0x00301, 0x00143}, {0x0004e, 0x00303, 0x000d1}, {0x0004e, 0x00307, 0x01e44},
    {0x0004e, 0x0030c, 0x00147}, {0x0004e, 0x00323, 0x01e46}, {0x0004e, 0x00327, 0x00145},
    {0x0004e, 0x0032d, 0x01e4a}, {0x0004e, 0x00331, 0x01e48}, {0x0004f, 0x00300, 0x000d2},
    {0x0004f, 0x00301, 0x000d3}, {0x0004f, 0x00302, 0x000d4}, {0x0004f, 0x00303, 0x000d5},
    {0x0004f, 0x00304, 0x0014c}, {0x0004f, 0x00306, 0x0014e}, {0x0004f, 0x00307, 0x0022e},
    {0x0004f, 0x00308, 0x000d6}, {0x0004f, 0x00309, 0x01ece}, {0x0004f, 0x0030b, 0x00150},
    {0x0004f, 0x0030c, 0x001d1}, {0x0004f, 0x0030f, 0x0020c}, {0x0004f, 0x00311, 0x0020e},
    {0x0004f, 0x0031b, 0x001a0}, {0x0004f, 0x00323, 0x01ecc}, {0x0004f, 0x00328, 0x001ea},
    {0x00050, 0x00301, 0x01e54}, {0x00050, 0x00307, 0x01e56}, {0x00052, 0x00301, 0x00154},
    {0x00052, 0x00307, 0x01e58}, {0x00052, 0x0030c, 0x00158}, {0x00052, 0x0030f, 0x00210},
    {0x00052, 0x00311, 0x00212}, {0x00052, 0x00323, 0x01e5a}, {0x00052, 0x00327, 0x00156},
    {0x00052, 0x00331, 0x01e5e}, {0x00053, 0x00301, 0x0015a}, {0x00053, 0x00302, 0x0015c},
    {0x00053, 0x00307, 0x01e60}, {0x00053, 0x0030c, 0x00160}, {0x00053, 0x00323, 0x01e62},
    {0x00053, 0x00326, 0x00218}, {0x00053, 0x00327, 0x0015e}, {0x00054, 0x00307, 0x01e6a},
    {0x00054, 0x0030c, 0x00164}, {0x00054, 0x00323, 0x01e6c}, {0x00054, 0x00326, 0x0021a},
    {0x00054, 0x00327, 0x00162}, {0x00054, 0x0032d, 0x01e70}, {0x00054, 0x00331, 0x01e6e},
    {0x00055, 0x00300, 0x000d9}, {0x00055, 0x00301, 0x000da}, {0x00055, 0x00302, 0x000db},
    {0x00055, 0x00303, 0x00168}, {0x00055, 0x00304, 0x0016a}, {0x00055, 0x00306, 0x0016c},
    {0x00055, 0x00308, 0x000dc}, {0x00055, 0x00309, 0x01ee6}, {0x00055, 0x0030a, 0x0016e},
    {0x00055, 0x0030b, 0x00170}, {0x00055, 0x0030c, 0x001d3}, {0x00055, 0x0030f, 0x00214},
    {0x00055, 0x00311, 0x00216}, {0x00055, 0x0031b, 0x001af}, {0x00055, 0x00323, 0x01ee4},
    {0x00055, 0x00324, 0x01e72}, {0x00055, 0x00328, 0x00172}, {0x00055, 0x0032d, 0x01e76},
    {0x00055, 0x00330, 0x01e74}, {0x00056, 0x00303, 0x01e7c}, {0x00056, 0x00323, 0x01e7e},
    {0x00057, 0x00300, 0x01e80}, {0x00057, 0x00301, 0x01e82}, {0x00057, 0x00302, 0x00174},
    {0x00057, 0x00307, 0x01e86}, {0x00057, 0x00308, 0x01e84}, {0x00057, 0x00323, 0x01e88},
    {0x00058, 0x00307, 0x01e8a}, {0x00058, 0x00308, 0x01e8c}, {0x00059, 0x00300, 0x01ef2},
    {0x00059, 0x00301, 0x000dd}, {0x00059, 0x00302, 0x00176}, {0x00059, 0x00303, 0x01ef8},
    {0x00059, 0x00304, 0x00232}, {0x00059, 0x00307, 0x01e8e}, {0x00059, 0x00308, 0x00178},
    {0x00059, 0x00309, 0x01ef6}, {0x00059, 0x00323, 0x01ef4}, {0x0005a, 0x00301, 0x00179},
    {0x0005a, 0x00302, 0x01e90}, {0x0005a, 0x00307, 0x0017b}, {0x0005a, 0x0030c, 0x0017d},
    {0x0005a, 0x00323, 0x01e92}, {0x0005a, 0x00331, 0x01e94}, {0x00061, 0x00300, 0x000e0},
    {0x00061, 0x00301, 0x000e1}, {0x00061, 0x00302, 0x000e2}, {0x00061, 0x00303, 0x000e3},
    {0x00061, 0x00304, 0x00101}, {0x00061, 0x00306, 0x00103}, {0x00061, 0x00307, 0x00227},
    {0x00061, 0x00308, 0x000e4}, {0x00061, 0x00309, 0x01ea3}, {0x00061, 0x0030a, 0x000e5},
    {0x00061, 0x0030c, 0x001ce}, {0x00061, 0x0030f, 0x00201}, {0x00061, 0x00311, 0x00203},
    {0x00061, 0x00323, 0x01ea1}, {0x00061, 0x00325, 0x01e01}, {0x00061, 0x00328, 0x00105},
    {0x00062, 0x00307, 0x01e03}, {0x00062, 0x00323, 0x01e05}, {0x00062, 0x00331, 0x01e07},
    {0x00063, 0x00301, 0x00107}, {0x00063, 0x00302, 0x00109}, {0x00063, 0x00307, 0x0010b},
    {0x00063, 0x0030c, 0x0010d}, {0x00063, 0x00327, 0x000e7}, {0x00064, 0x00307, 0x01e0b},
    {0x00064, 0x0030c, 0x0010f}, {0x00064, 0x00323, 0x01e0d}, {0x00064, 0x00327, 0x01e11},
    {0x00064, 0x0032d, 0x01e13}, {0x00064, 0x00331, 0x01e0f}, {0x00065, 0x00300, 0x000e8},
    {0x00065, 0x00301, 0x000e9}, {0x00065, 0x00302, 0x000ea}, {0x00065, 0x00303, 0x01ebd},
    {0x00065, 0x00304, 0x00113}, {0x00065, 0x00306, 0x00115}, {0x00065, 0x00307, 0x00117},
    {0x00065, 0x00308, 0x000eb}, {0x00065, 0x00309, 0x01ebb}, {0x00065, 0x0030c, 0x0011b},
    {0x00065, 0x0030f, 0x00205}, {0x00065, 0x00311, 0x00207}, {0x00065, 0x00323, 0x01eb9},
    {0x00065, 0x00327, 0x00229}, {0x00065, 0x00328, 0x00119}, {0x00065, 0x0032d, 0x01e19},
    {0x00065, 0x00330, 0x01e1b}, {0x00066, 0x00307, 0x01e1f}, {0x00067, 0x00301, 0x001f5},
    {0x00067, 0x00302, 0x0011d}, {0x00067, 0x00304, 0x01e21}, {0x00067, 0x00306, 0x0011f},
    {0x00067, 0x00307, 0x00121}, {0x00067, 0x0030c, 0x001e7}, {0x00067, 0x00327, 0x00123},
    {0x00068, 0x00302, 0x00125}, {0x00068, 0x00307, 0x01e23}, {0x00068, 0x00308, 0x01e27},
    {0x00068, 0x0030c, 0x0021f}, {0x00068, 0x00323, 0x01e25}, {0x00068, 0x00327, 0x01e29},
    {0x00068, 0x0032e, 0x01e2b}, {0x00068, 0x00331, 0x01e96}, {0x00069, 0x00300, 0x000ec},
    {0x00069, 0x00301, 0x000ed}, {0x00069, 0x00302, 0x000ee}, {0x00069, 0x00303, 0x00129},
    {0x00069, 0x00304, 0x0012b}, {0x00069, 0x00306, 0x0012d}, {0x00069, 0x00308, 0x000ef},
    {0x00069, 0x00309, 0x01ec9}, {0x00069, 0x0030c, 0x001d0}, {0x00069, 0x0030f, 0x00209},
    {0x00069, 0x00311, 0x0020b}, {0x00069, 0x00323, 0x01ecb}, {0x00069, 0x00328, 0x0012f},
    {0x00069, 0x00330, 0x01e2d}, {0x0006a, 0x00302, 0x00135}, {0x0006a, 0x0030c, 0x001f0},
    {0x0006b, 0x00301, 0x01e31}, {0x0006b, 0x0030c, 0x001e9}, {0x0006b, 0x00323, 0x01e33},
    {0x0006b, 0x00327, 0x00137}, {0x0006b, 0x00331, 0x01e35}, {0x0006c, 0x00301, 0x0013a},
    {0x0006c, 0x0030c, 0x0013e}, {0x0006c, 0x00323, 0x01e37}, {0x0006c, 0x00327, 0x0013c},
    {0x0006c, 0x0032d, 0x01e3d}, {0x0006c, 0x00331, 0x01e3b}, {0x0006d, 0x00301, 0x01e3f},
    {0x0006d, 0x00307, 0x01e41}, {0x0006d, 0x00323, 0x01e43}, {0x0006e, 0x00300, 0x001f9},
    {0x0006e, 0x00301, 0x00144}, {0x0006e, 0x00303, 0x000f1}, {0x0006e, 0x00307, 0x01e45},
    {0x0006e, 0x0030c, 0x00148}, {0x0006e, 0x00323, 0x01e47}, {0x0006e, 0x00327, 0x00146},
    {0x0006e, 0x0032d, 0x01e4b}, {0x0006e, 0x00331, 0x01e49}, {0x0006f, 0x00300, 0x000f2},
    {0x0006f, 0x00301, 0x000f3}, {0x0006f, 0x00302, 0x000f4}, {0x0006f, 0x00303, 0x000f5},
    {0x0006f, 0x00304, 0x0014d}, {0x0006f, 0x00306, 0x0014f}, {0x0006f, 0x00307, 0x0022f},
    {0x0006f, 0x00308, 0x000f6}, {0x0006f, 0x00309, 0x01ecf}, {0x0006f, 0x0030b, 0x00151},
    {0x0006f, 0x0030c, 0x001d2}, {0x0006f, 0x0030f, 0x0020d}, {0x0006f, 0x00311, 0x0020f},
    {0x0006f, 0x0031b, 0x001a1}, {0x0006f, 0x00323, 0x01ecd}, {0x0006f, 0x00328, 0x001eb},
    {0x00070, 0x00301, 0x01e55}, {0x00070, 0x00307, 0x01e57}, {0x00072, 0x00301, 0x00155},
    {0x00072, 0x00307, 0x01e59}, {0x00072, 0x0030c, 0x00159}, {0x00072, 0x0030f, 0x00211},
    {0x00072, 0x00311, 0x00213}, {0x00072, 0x00323, 0x01e5b}, {0x00072, 0x00327, 0x00157},
    {0x00072, 0x00331, 0x01e5f}, {0x00073, 0x00301, 0x0015b}, {0x00073, 0x00302, 0x0015d},
    {0x00073, 0x00307, 0x01e61}, {0x00073, 0x0030c, 0x00161}, {0x00073, 0x00323, 0x01e63},
    {0x00073, 0x00326, 0x00219}, {0x00073, 0x00327, 0x0015f}, {0x00074, 0x00307, 0x01e6b},
    {0x00074, 0x00308, 0x01e97}, {0x00074, 0x0030c, 0x00165}, {0x00074, 0x00323, 0x01e6d},
    {0x00074, 0x00326, 0x0021b}, {0x00074, 0x00327, 0x00163}, {0x00074, 0x0032d, 0x01e71},
    {0x00074, 0x00331, 0x01e6f}, {0x00075, 0x00300, 0x000f9}, {0x00075, 0x00301, 0x000fa},
    {0x00075, 0x00302, 0x000fb}, {0x00075, 0x00303, 0x00169}, {0x00075, 0x00304, 0x0016b},
    {0x00075, 0x00306, 0x0016d}, {0x00075, 0x00308, 0x000fc}, {0x00075, 0x00309, 0x01ee7},
    {0x00075, 0x0030a, 0x0016f}, {0x00075, 0x0030b, 0x00171}, {0x00075, 0x0030c, 0x001d4},
    {0x00075, 0x0030f, 0x00215}, {0x00075, 0x00311, 0x00217}, {0x00075, 0x0031b, 0x001b0},
    {0x00075, 0x00323, 0x01ee5}, {0x00075, 0x00324, 0x01e73}, {0x00075, 0x00328, 0x00173},
    {0x00075, 0x0032d, 0x01e77}, {0x00075, 0x00330, 0x01e75}, {0x00076, 0x00303, 0x01e7d},
    {0x00076, 0x00323, 0x01e7f}, {0x00077, 0x00300, 0x01e81}, {0x00077, 0x00301, 0x01e83},
    {0x00077, 0x00302, 0x00175}, {0x00077, 0x00307, 0x01e87}, {0x00077, 0x00308, 0x01e85},
    {0x00077, 0x0030a, 0x01e98}, {0x00077, 0x00323, 0x01e89}, {0x00078, 0x00307, 0x01e8b},
    {0x00078, 0x00308, 0x01e8d}, {0x00079, 0x00300, 0x01ef3}, {0x00079, 0x00301, 0x000fd},
    {0x00079, 0x00302, 0x00177}, {0x00079, 0x00303, 0x01ef9}, {0x00079, 0x00304, 0x00233},
    {0x00079, 0x00307, 0x01e8f}, {0x00079, 0x00308, 0x000ff}, {0x00079, 0x00309, 0x01ef7},
    {0x00079, 0x0030a, 0x01e99}, {0x00079, 0x00323, 0x01ef5}, {0x0007a, 0x00301, 0x0017a},
    {0x0007a, 0x00302, 0x01e91}, {0x0007a, 0x00307, 0x0017c}, {0x0007a, 0x0030c, 0x0017e},
    {0x0007a, 0x00323, 0x01e93}, {0x0007a, 0x00331, 0x01e95}, {0x000a8, 0x00300, 0x01fed},
    {0x000a8, 0x00301, 0x00385}, {0x000a8, 0x00342, 0x01fc1}, {0x000c2, 0x00300, 0x01ea6},
    {0x000c2, 0x00301, 0x01ea4}, {0x000c2, 0x00303, 0x01eaa}, {0x000c2, 0x00309, 0x01ea8},
    {0x000c4, 0x00304, 0x001de}, {0x000c5, 0x00301, 0x001fa}, {0x000c6, 0x00301, 0x001fc},
    {0x000c6, 0x00304, 0x001e2}, {0x000c7, 0x00301, 0x01e08}, {0x000ca, 0x00300, 0x01ec0},
    {0x000ca, 0x00301, 0x01ebe}, {0x000ca, 0x00303, 0x01ec4}, {0x000ca, 0x00309, 0x01ec2},
    {0x000cf, 0x00301, 0x01e2e}, {0x000d4, 0x00300, 0x01ed2}, {0x000d4, 0x00301, 0x01ed0},
    {0x000d4, 0x00303, 0x01ed6}, {0x000d4, 0x00309, 0x01ed4}, {0x000d5, 0x00301, 0x01e4c},
    {0x000d5, 0x00304, 0x0022c}, {0x000d5, 0x00308, 0x01e4e}, {0x000d6, 0x00304, 0x0022a},
    {0x000d8, 0x00301, 0x001fe}, {0x000dc, 0x00300, 0x001db}, {0x000dc, 0x00301, 0x001d7},
    {0x000dc, 0x00304, 0x001d5}, {0x000dc, 0x0030c, 0x001d9}, {0x000e2, 0x00300, 0x01ea7},
    {0x000e2, 0x00301, 0x01ea5}, {0x000e2, 0x00303, 0x01eab}, {0x000e2, 0x00309, 0x01ea9},
    {0x000e4, 0x00304, 0x001df}, {0x000e5, 0x00301, 0x001fb}, {0x000e6, 0x00301, 0x001fd},
    {0x000e6, 0x00304, 0x001e3}, {0x000e7, 0x00301, 0x01e09}, {0x000ea, 0x00300, 0x01ec1},
    {0x000ea, 0x00301, 0x01ebf}, {0x000ea, 0x00303, 0x01ec5}, {0x000ea, 0x00309, 0x01ec3},
    {0x000ef, 0x00301, 0x01e2f}, {0x000f4, 0x00300, 0x01ed3}, {0x000f4, 0x00301, 0x01ed1},
    {0x000f4, 0x00303, 0x01ed7}, {0x000f4, 0x00309, 0x01ed5}, {0x000f5, 0x00301, 0x01e4d},
    {0x000f5, 0x00304, 0x0022d}, {0x000f5, 0x00308, 0x01e4f}, {0x000f6, 0x00304, 0x0022b},
    {0x000f8, 0x00301, 0x001ff}, {0x000fc, 0x00300, 0x001dc}, {0x000fc, 0x00301, 0x001d8},
    {0x000fc, 0x00304, 0x001d6}, {0x000fc, 0x0030c, 0x001da}, {0x00102, 0x00300, 0x01eb0},
    {0x00102, 0x00301, 0x01eae}, {0x00102, 0x00303, 0x01eb4}, {0x00102, 0x00309, 0x01eb2},
    {0x00103, 0x00300, 0x01eb1}, {0x00103, 0x00301, 0x01eaf}, {0x00103, 0x00303, 0x01eb5},
    {0x00103, 0x00309, 0x01eb3}, {0x00112, 0x00300, 0x01e14}, {0x00112, 0x00301, 0x01e16},
    {0x00113, 0x00300, 0x01e15}, {0x00113, 0x00301, 0x01e17}, {0x0014c, 0x00300, 0x01e50},
    {0x0014c, 0x00301, 0x01e52}, {0x0014d, 0x00300, 0x01e51}, {0x0014d, 0x00301, 0x01e53},
    {0x0015a, 0x00307, 0x01e64}, {0x0015b, 0x00307, 0x01e65}, {0x00160, 0x00307, 0x01e66},
    {0x00161, 0x00307, 0x01e67}, {0x00168, 0x00301, 0x01e78}, {0x00169, 0x00301, 0x01e79},
    {0x0016a, 0x00308, 0x01e7a}, {0x0016b, 0x00308, 0x01e7b}, {0x0017f, 0x00307, 0x01e9b},
    {0x001a0, 0x00300, 0x01edc}, {0x001a0, 0x00301, 0x01eda}, {0x001a0, 0x00303, 0x01ee0},
    {0x001a0, 0x00309, 0x01ede}, {0x001a0, 0x00323, 0x01ee2}, {0x001a1, 0x00300, 0x01edd},
    {0x001a1, 0x00301, 0x01edb}, {0x001a1, 0x00303, 0x01ee1}, {0x001a1, 0x00309, 0x01edf},
    {0x001a1, 0x00323, 0x01ee3}, {0x001af, 0x00300, 0x01eea}, {0x001af, 0x00301, 0x01ee8},
    {0x001af, 0x00303, 0x01eee}, {0x001af, 0x00309, 0x01eec}, {0x001af, 0x00323, 0x01ef0},
    {0x001b0, 0x00300, 0x01eeb}, {0x001b0, 0x00301, 0x01ee9}, {0x001b0, 0x00303, 0x01eef},
    {0x001b0, 0x00309, 0x01eed}, {0x001b0, 0x00323, 0x01ef1}, {0x001b7, 0x0030c, 0x001ee},
    {0x001ea, 0x00304, 0x001ec}, {0x001eb, 0x00304, 0x001ed}, {0x00226, 0x00304, 0x001e0},
    {0x00227, 0x00304, 0x001e1}, {0x00228, 0x00306, 0x01e1c}, {0x00229, 0x00306, 0x01e1d},
    {0x0022e, 0x00304, 0x00230}, {0x0022f, 0x00304, 0x00231}, {0x00292, 0x0030c, 0x001ef},
    {0x00391, 0x00300, 0x01fba}, {0x00391, 0x00301, 0x00386}, {0x00391, 0x00304, 0x01fb9},
    {0x00391, 0x00306, 0x01fb8}, {0x00391, 0x00313, 0x01f08}, {0x00391, 0x00314, 0x01f09},
    {0x00391, 0x00345, 0x01fbc}, {0x00395, 0x00300, 0x01fc8}, {0x00395, 0x00301, 0x00388},
    {0x00395, 0x00313, 0x01f18}, {0x00395, 0x00314, 0x01f19}, {0x00397, 0x00300, 0x01fca},
    {0x00397, 0x00301, 0x00389}, {0x00397, 0x00313, 0x01f28}, {0x00397, 0x00314, 0x01f29},
    {0x00397, 0x00345, 0x01fcc}, {0x00399, 0x00300, 0x01fda}, {0x00399, 0x00301, 0x0038a},
    {0x00399, 0x00304, 0x01fd9}, {0x00399, 0x00306, 0x01fd8}, {0x00399, 0x00308, 0x003aa},
    {0x00399, 0x00313, 0x01f38}, {0x00399, 0x00314, 0x01f39}, {0x0039f, 0x00300, 0x01ff8},
    {0x0039f, 0x00301, 0x0038c}, {0x0039f, 0x00313, 0x01f48}, {0x0039f, 0x00314, 0x01f49},
    {0x003a1, 0x00314, 0x01fec}, {0x003a5, 0x00300, 0x01fea}, {0x003a5, 0x00301, 0x0038e},
    {0x003a5, 0x00304, 0x01fe9}, {0x003a5, 0x00306, 0x01fe8}, {0x003a5, 0x00308, 0x003ab},
    {0x003a5, 0x00314, 0x01f59}, {0x003a9, 0x00300, 0x01ffa}, {0x003a9, 0x00301, 0x0038f},
    {0x003a9, 0x00313, 0x01f68}, {0x003a9, 0x00314, 0x01f69}, {0x003a9, 0x00345, 0x01ffc},
    {0x003ac, 0x00345, 0x01fb4}, {0x003ae, 0x00345, 0x01fc4}, {0x003b1, 0x00300, 0x01f70},
    {0x003b1, 0x00301, 0x003ac}, {0x003b1, 0x00304, 0x01fb1}, {0x003b1, 0x00306, 0x01fb0},
    {0x003b1, 0x00313, 0x01f00}, {0x003b1, 0x00314, 0x01f01}, {0x003b1, 0x00342, 0x01fb6},
    {0x003b1, 0x00345, 0x01fb3}, {0x003b5, 0x00300, 0x01f72}, {0x003b5, 0x00301, 0x003ad},
    {0x003b5, 0x00313, 0x01f10}, {0x003b5, 0x00314, 0x01f11}, {0x003b7, 0x00300, 0x01f74},
    {0x003b7, 0x00301, 0x003ae}, {0x003b7, 0x00313, 0x01f20}, {0x003b7, 0x00314, 0x01f21},
    {0x003b7, 0x00342, 0x01fc6}, {0x003b7, 0x00345, 0x01fc3}, {0x003b9, 0x00300, 0x01f76},
    {0x003b9, 0x00301, 0x003af}, {0x003b9, 0x00304, 0x01fd1}, {0x003b9, 0x00306, 0x01fd0},
    {0x003b9, 0x00308, 0x003ca}, {0x003b9, 0x00313, 0x01f30}, {0x003b9, 0x00314, 0x01f31},
    {0x003b9, 0x00342, 0x01fd6}, {0x003bf, 0x00300, 0x01f78}, {0x003bf, 0x00301, 0x003cc},
    {0x003bf, 0x00313, 0x01f40}, {0x003bf, 0x00314, 0x01f41}, {0x003c1, 0x00313, 0x01fe4},
    {0x003c1, 0x00314, 0x01fe5}, {0x003c5, 0x00300, 0x01f7a}, {0x003c5, 0x00301, 0x003cd},
    {0x003c5, 0x00304, 0x01fe1}, {0x003c5, 0x00306, 0x01fe0}, {0x003c5, 0x00308, 0x003cb},
    {0x003c5, 0x00313, 0x01f50}, {0x003c5, 0x00314, 0x01f51}, {0x003c5, 0x00342, 0x01fe6},
    {0x003c9, 0x00300, 0x01f7c}, {0x003c9, 0x00301, 0x003ce}, {0x003c9, 0x00313, 0x01f60},
    {0x003c9, 0x00314, 0x01f61}, {0x003c9, 0x00342, 0x01ff6}, {0x003c9, 0x00345, 0x01ff3},
    {0x003ca, 0x00300, 0x01fd2}, {0x003ca, 0x00301, 0x00390}, {0x003ca, 0x00342, 0x01fd7},
    {0x003cb, 0x00300, 0x01fe2}, {0x003cb, 0x00301, 0x003b0}, {0x003cb, 0x00342, 0x01fe7},
    {0x003ce, 0x00345, 0x01ff4}, {0x003d2, 0x00301, 0x003d3}, {0x003d2, 0x00308, 0x003d4},
    {0x00406, 0x00308, 0x00407}, {0x00410, 0x00306, 0x004d0}, {0x00410, 0x00308, 0x004d2},
    {0x00413, 0x00301, 0x00403}, {0x00415, 0x00300, 0x00400}, {0x00415, 0x00306, 0x004d6},
    {0x00415, 0x00308, 0x00401}, {0x00416, 0x00306, 0x004c1}, {0x00416, 0x00308, 0x004dc},
    {0x00417, 0x00308, 0x004de}, {0x00418, 0x00300, 0x0040d}, {0x00418, 0x00304, 0x004e2},
    {0x00418, 0x00306, 0x00419}, {0x00418, 0x00308, 0x004e4}, {0x0041a, 0x00301, 0x0040c},
    {0x0041e, 0x00308, 0x004e6}, {0x00423, 0x00304, 0x004ee}, {0x00423, 0x00306, 0x0040e},
    {0x00423, 0x00308, 0x004f0}, {0x00423, 0x0030b, 0x004f2}, {0x00427, 0x00308, 0x004f4},
    {0x0042b, 0x00308, 0x004f8}, {0x0042d, 0x00308, 0x004ec}, {0x00430, 0x00306, 0x004d1},
    {0x00430, 0x00308, 0x004d3}, {0x00433, 0x00301, 0x00453}, {0x00435, 0x00300, 0x00450},
    {0x00435, 0x00306, 0x004d7}, {0x00435, 0x00308, 0x00451}, {0x00436, 0x00306, 0x004c2},
    {0x00436, 0x00308, 0x004dd}, {0x00437, 0x00308, 0x004df}, {0x00438, 0x00300, 0x0045d},
    {0x00438, 0x00304, 0x004e3}, {0x00438, 0x00306, 0x00439}, {0x00438, 0x00308, 0x004e5},
    {0x0043a, 0x00301, 0x0045c}, {0x0043e, 0x00308, 0x004e7}, {0x00443, 0x00304, 0x004ef},
    {0x00443, 0x00306, 0x0045e}, {0x00443, 0x00308, 0x004f1}, {0x00443, 0x0030b, 0x004f3},
    {0x00447, 0x00308, 0x004f5}, {0x0044b, 0x00308, 0x004f9}, {0x0044d, 0x00308, 0x004ed},
    {0x00456, 0x00308, 0x00457}, {0x00474, 0x0030f, 0x00476}, {0x00475, 0x0030f, 0x00477},
    {0x004d8, 0x00308, 0x004da}, {0x004d9, 0x00308, 0x004db}, {0x004e8, 0x00308, 0x004ea},
    {0x004e9, 0x00308, 0x004eb}, {0x00627, 0x00653, 0x00622}, {0x00627, 0x00654, 0x00623},
    {0x00627, 0x00655, 0x00625}, {0x00648, 0x00654, 0x00624}, {0x0064a, 0x00654, 0x00626},
    {0x006c1, 0x00654, 0x006c2}, {0x006d2, 0x00654, 0x006d3}, {0x006d5, 0x00654, 0x006c0},
    {0x00928, 0x0093c, 0x00929}, {0x00930, 0x0093c, 0x00931}, {0x00933, 0x0093c, 0x00934},
    {0x009c7, 0x009be, 0x009cb}, {0x009c7, 0x009d7, 0x009cc}, {0x00b47, 0x00b3e, 0x00b4b},
    {0x00b47, 0x00b56, 0x00b48}, {0x00b47, 0x00b57, 0x00b4c}, {0x00b92, 0x00bd7, 0x00b94},
    {0x00bc6, 0x00bbe, 0x00bca}, {0x00bc6, 0x00bd7, 0x00bcc}, {0x00bc7, 0x00bbe, 0x00bcb},
    {0x00c46, 0x00c56, 0x00c48}, {0x00cbf, 0x00cd5, 0x00cc0}, {0x00cc6, 0x00cc2, 0x00cca},
    {0x00cc6, 0x00cd5, 0x00cc7}, {0x00cc6, 0x00cd6, 0x00cc8}, {0x00cca, 0x00cd5, 0x00ccb},
    {0x00d46, 0x00d3e, 0x00d4a}, {0x00d46, 0x00d57, 0x00d4c}, {0x00d47, 0x00d3e, 0x00d4b},
    {0x00dd9, 0x00dca, 0x00dda}, {0x00dd9, 0x00dcf, 0x00ddc}, {0x00dd9, 0x00ddf, 0x00dde},
    {0x00ddc, 0x00dca, 0x00ddd}, {0x01025, 0x0102e, 0x01026}, {0x01b05, 0x01b35, 0x01b06},
    {0x01b07, 0x01b35, 0x01b08}, {0x01b09, 0x01b35, 0x01b0a}, {0x01b0b, 0x01b35, 0x01b0c},
    {0x01b0d, 0x01b35, 0x01b0e}, {0x01b11, 0x01b35, 0x01b12}, {0x01b3a, 0x01b35, 0x01b3b},
    {0x01b3c, 0x01b35, 0x01b3d}, {0x01b3e, 0x01b35, 0x01b40}, {0x01b3f, 0x01b35, 0x01b41},
    {0x01b42, 0x01b35, 0x01b43}, {0x01e36, 0x00304, 0x01e38}, {0x01e37, 0x00304, 0x01e39},
    {0x01e5a, 0x00304, 0x01e5c}, {0x01e5b, 0x00304, 0x01e5d}, {0x01e62, 0x00307, 0x01e68},
    {0x01e63, 0x00307, 0x01e69}, {0x01ea0, 0x00302, 0x01eac}, {0x01ea0, 0x00306, 0x01eb6},
    {0x01ea1, 0x00302, 0x01ead}, {0x01ea1, 0x00306, 0x01eb7}, {0x01eb8, 0x00302, 0x01ec6},
    {0x01eb9, 0x00302, 0x01ec7}, {0x01ecc, 0x00302, 0x01ed8}, {0x01ecd, 0x00302, 0x01ed9},
    {0x01f00, 0x00300, 0x01f02}, {0x01f00, 0x00301, 0x01f04}, {0x01f00, 0x00342, 0x01f06},
    {0x01f00, 0x00345, 0x01f80}, {0x01f01, 0x00300, 0x01f03}, {0x01f01, 0x00301, 0x01f05},
    {0x01f01, 0x00342, 0x01f07}, {0x01f01, 0x00345, 0x01f81}, {0x01f02, 0x00345, 0x01f82},
    {0x01f03, 0x00345, 0x01f83}, {0x01f04, 0x00345, 0x01f84}, {0x01f05, 0x00345, 0x01f85},
    {0x01f06, 0x00345, 0x01f86}, {0x01f07, 0x00345, 0x01f87}, {0x01f08, 0x00300, 0x01f0a},
    {0x01f08, 0x00301, 0x01f0c}, {0x01f08, 0x00342, 0x01f0e}, {0x01f08, 0x00345, 0x01f88},
    {0x01f09, 0x00300, 0x01f0b}, {0x01f09, 0x00301, 0x01f0d}, {0x01f09, 0x00342, 0x01f0f},
    {0x01f09, 0x00345, 0x01f89}, {0x01f0a, 0x00345, 0x01f8a}, {0x01f0b, 0x00345, 0x01f8b},
    {0x01f0c, 0x00345, 0x01f8c}, {0x01f0d, 0x00345, 0x01f8d}, {0x01f0e, 0x00345, 0x01f8e},
    {0x01f0f, 0x00345, 0x01f8f}, {0x01f10, 0x00300, 0x01f12}, {0x01f10, 0x00301, 0x01f14},
    {0x01f11, 0x00300, 0x01f13}, {0x01f11, 0x00301, 0x01f15}, {0x01f18, 0x00300, 0x01f1a},
    {0x01f18, 0x00301, 0x01f1c}, {0x01f19, 0x00300, 0x01f1b}, {0x01f19, 0x00301, 0x01f1d},
    {0x01f20, 0x00300, 0x01f22}, {0x01f20, 0x00301, 0x01f24}, {0x01f20, 0x00342, 0x01f26},
    {0x01f20, 0x00345, 0x01f90}, {0x01f21, 0x00300, 0x01f23}, {0x01f21, 0x00301, 0x01f25},
    {0x01f21, 0x00342, 0x01f27}, {0x01f21, 0x00345, 0x01f91}, {0x01f22, 0x00345, 0x01f92},
    {0x01f23, 0x00345, 0x01f93}, {0x01f24, 0x00345, 0x01f94}, {0x01f25, 0x00345, 0x01f95},
    {0x01f26, 0x00345, 0x01f96}, {0x01f27, 0x00345, 0x01f97}, {0x01f28, 0x00300, 0x01f2a},
    {0x01f28, 0x00301, 0x01f2c}, {0x01f28, 0x00342, 0x01f2e}, {0x01f28, 0x00345, 0x01f98},
    {0x01f29, 0x00300, 0x01f2b}, {0x01f29, 0x00301, 0x01f2d}, {0x01f29, 0x00342, 0x01f2f},
    {0x01f29, 0x00345, 0x01f99}, {0x01f2a, 0x00345, 0x01f9a}, {0x01f2b, 0x00345, 0x01f9b},
    {0x01f2c, 0x00345, 0x01f9c}, {0x01f2d, 0x00345, 0x01f9d}, {0x01f2e, 0x00345, 0x01f9e},
    {0x01f2f, 0x00345, 0x01f9f}, {0x01f30, 0x00300, 0x01f32}, {0x01f30, 0x00301, 0x01f34},
    {0x01f30, 0x00342, 0x01f36}, {0x01f31, 0x00300, 0x01f33}, {0x01f31, 0x00301, 0x01f35},
    {0x01f31, 0x00342, 0x01f37}, {0x01f38, 0x00300, 0x01f3a}, {0x01f38, 0x00301, 0x01f3c},
    {0x01f38, 0x00342, 0x01f3e}, {0x01f39, 0x00300, 0x01f3b}, {0x01f39, 0x00301, 0x01f3d},
    {0x01f39, 0x00342, 0x01f3f}, {0x01f40, 0x00300, 0x01f42}, {0x01f40, 0x00301, 0x01f44},
    {0x01f41, 0x00300, 0x01f43}, {0x01f41, 0x00301, 0x01f45}, {0x01f48, 0x00300, 0x01f4a},
    {0x01f48, 0x00301, 0x01f4c}, {0x01f49, 0x00300, 0x01f4b}, {0x01f49, 0x00301, 0x01f4d},
    {0x01f50, 0x00300, 0x01f52}, {0x01f50, 0x00301, 0x01f54}, {0x01f50, 0x00342, 0x01f56},
    {0x01f51, 0x00300, 0x01f53}, {0x01f51, 0x00301, 0x01f55}, {0x01f51, 0x00342, 0x01f57},
    {0x01f59, 0x00300, 0x01f5b}, {0x01f59, 0x00301, 0x01f5d}, {0x01f59, 0x00342, 0x01f5f},
    {0x01f60, 0x00300, 0x01f62}, {0x01f60, 0x00301, 0x01f64}, {0x01f60, 0x00342, 0x01f66},
    {0x01f60, 0x00345, 0x01fa0}, {0x01f61, 0x00300, 0x01f63}, {0x01f61, 0x00301, 0x01f65},
    {0x01f61, 0x00342, 0x01f67}, {0x01f61, 0x00345, 0x01fa1}, {0x01f62, 0x00345, 0x01fa2},
    {0x01f63, 0x00345, 0x01fa3}, {0x01f64, 0x00345, 0x01fa4}, {0x01f65, 0x00345, 0x01fa5},
    {0x01f66, 0x00345, 0x01fa6}, {0x01f67, 0x00345, 0x01fa7}, {0x01f68, 0x00300, 0x01f6a},
    {0x01f68, 0x00301, 0x01f6c}, {0x01f68, 0x00342, 0x01f6e}, {0x01f68, 0x00345, 0x01fa8},
    {0x01f69, 0x00300, 0x01f6b}, {0x01f69, 0x00301, 0x01f6d}, {0x01f69, 0x00342, 0x01f6f},
    {0x01f69, 0x00345, 0x01fa9}, {0x01f6a, 0x00345, 0x01faa}, {0x01f6b, 0x00345, 0x01fab},
    {0x01f6c, 0x00345, 0x01fac}, {0x01f6d, 0x00345, 0x01fad}, {0x01f6e, 0x00345, 0x01fae},
    {0x01f6f, 0x00345, 0x01faf}, {0x01f70, 0x00345, 0x01fb2}, {0x01f74, 0x00345, 0x01fc2},
    {0x01f7c, 0x00345, 0x01ff2}, {0x01fb6, 0x00345, 0x01fb7}, {0x01fbf, 0x00300, 0x01fcd},
    {0x01fbf, 0x00301, 0x01fce}, {0x01fbf, 0x00342, 0x01fcf}, {0x01fc6, 0x00345, 0x01fc7},
    {0x01ff6, 0x00345, 0x01ff7}, {0x01ffe, 0x00300, 0x01fdd}, {0x01ffe, 0x00301, 0x01fde},
    {0x01ffe, 0x00342, 0x01fdf}, {0x02190, 0x00338, 0x0219a}, {0x02192, 0x00338, 0x0219b},
    {0x02194, 0x00338, 0x021ae}, {0x021d0, 0x00338, 0x021cd}, {0x021d2, 0x00338, 0x021cf},
    {0x021d4, 0x00338, 0x021ce}, {0x02203, 0x00338, 0x02204}, {0x02208, 0x00338, 0x02209},
    {0x0220b, 0x00338, 0x0220c}, {0x02223, 0x00338, 0x02224}, {0x02225, 0x00338, 0x02226},
    {0x0223c, 0x00338, 0x02241}, {0x02243, 0x00338, 0x02244}, {0x02245, 0x00338, 0x02247},
    {0x02248, 0x00338, 0x02249}, {0x0224d, 0x00338, 0x0226d}, {0x02261, 0x00338, 0x02262},
    {0x02264, 0x00338, 0x02270}, {0x02265, 0x00338, 0x02271}, {0x02272, 0x00338, 0x02274},
    {0x02273, 0x00338, 0x02275}, {0x02276, 0x00338, 0x02278}, {0x02277, 0x00338, 0x02279},
    {0x0227a, 0x00338, 0x02280}, {0x0227b, 0x00338, 0x02281}, {0x0227c, 0x00338, 0x022e0},
    {0x0227d, 0x00338, 0x022e1}, {0x02282, 0x00338, 0x02284}, {0x02283, 0x00338, 0x02285},
    {0x02286, 0x00338, 0x02288}, {0x02287, 0x00338, 0x02289}, {0x02291, 0x00338, 0x022e2},
    {0x02292, 0x00338, 0x022e3}, {0x022a2, 0x00338, 0x022ac}, {0x022a8, 0x00338, 0x022ad},
    {0x022a9, 0x00338, 0x022ae}, {0x022ab, 0x00338, 0x022af}, {0x022b2, 0x00338, 0x022ea},
    {0x022b3, 0x00338, 0x022eb}, {0x022b4, 0x00338, 0x022ec}, {0x022b5, 0x00338, 0x022ed},
    {0x03046, 0x03099, 0x03094}, {0x0304b, 0x03099, 0x0304c}, {0x0304d, 0x03099, 0x0304e},
    {0x0304f, 0x03099, 0x03050}, {0x03051, 0x03099, 0x03052}, {0x03053, 0x03099, 0x03054},
    {0x03055, 0x03099, 0x03056}, {0x03057, 0x03099, 0x03058}, {0x03059, 0x03099, 0x0305a},
    {0x0305b, 0x03099, 0x0305c}, {0x0305d, 0x03099, 0x0305e}, {0x0305f, 0x03099, 0x03060},
    {0x03061, 0x03099, 0x03062}, {0x03064, 0x03099, 0x03065}, {0x03066, 0x03099, 0x03067},
    {0x03068, 0x03099, 0x03069}, {0x0306f, 0x03099, 0x03070}, {0x0306f, 0x0309a, 0x03071},
    {0x03072, 0x03099, 0x03073}, {0x03072, 0x0309a, 0x03074}, {0x03075, 0x03099, 0x03076},
    {0x03075, 0x0309a, 0x03077}, {0x03078, 0x03099, 0x03079}, {0x03078, 0x0309a, 0x0307a},
    {0x0307b, 0x03099, 0x0307c}, {0x0307b, 0x0309a, 0x0307d}, {0x0309d, 0x03099, 0x0309e},
    {0x030a6, 0x03099, 0x030f4}, {0x030ab, 0x03099, 0x030ac}, {0x030ad, 0x03099, 0x030ae},
    {0x030af, 0x03099, 0x030b0}, {0x030b1, 0x03099, 0x030b2}, {0x030b3, 0x03099, 0x030b4},
    {0x030b5, 0x03099, 0x030b6}, {0x030b7, 0x03099, 0x030b8}, {0x030b9, 0x03099, 0x030ba},
    {0x030bb, 0x03099, 0x030bc}, {0x030bd, 0x03099, 0x030be}, {0x030bf, 0x03099, 0x030c0},
    {0x030c1, 0x03099, 0x030c2}, {0x030c4, 0x03099, 0x030c5}, {0x030c6, 0x03099, 0x030c7},
    {0x030c8, 0x03099, 0x030c9}, {0x030cf, 0x03099, 0x030d0}, {0x030cf, 0x0309a, 0x030d1},
    {0x030d2, 0x03099, 0x030d3}, {0x030d2, 0x0309a, 0x030d4}, {0x030d5, 0x03099, 0x030d6},
    {0x030d5, 0x0309a, 0x030d7}, {0x030d8, 0x03099, 0x030d9}, {0x030d8, 0x0309a, 0x030da},
    {0x030db, 0x03099, 0x030dc}, {0x030db, 0x0309a, 0x030dd}, {0x030ef, 0x03099, 0x030f7},
    {0x030f0, 0x03099, 0x030f8}, {0x030f1, 0x03099, 0x030f9}, {0x030f2, 0x03099, 0x030fa},
    {0x030fd, 0x03099, 0x030fe}, {0x11099, 0x110ba, 0x1109a}, {0x1109b, 0x110ba, 0x1109c},
    {0x110a5, 0x110ba, 0x110ab}, {0x11131, 0x11127, 0x1112e}, {0x11132, 0x11127, 0x1112f},
    {0x11347, 0x1133e, 0x1134b}, {0x11347, 0x11357, 0x1134c}, {0x114b9, 0x114b0, 0x114bc},
    {0x114b9, 0x114ba, 0x114bb}, {0x114b9, 0x114bd, 0x114be}, {0x115b8, 0x115af, 0x115ba},
    {0x115b9, 0x115af, 0x115bb}, {0x11935, 0x11930, 0x11938},
};
